seed,num_deliveries,max_len_road,max_interval_len,max_profit,max_weight,drone_battery,drone_load,height,distance,algorithm,solution_space,iterations,energy_unit_cost,energy_per_delivery,regularly_spaced,deliveries_starting_point,error,exponent,total_profit_avg,total_profit_std,total_energy_avg,total_energy_std,total_flights_avg,total_flights_std,all_flights_size_avg,all_flights_size_std,deliveries_per_flight_avg,deliveries_per_flight_std,avg_energy_per_flight_avg,avg_energy_per_flight_std,avg_weight_per_flight_avg,avg_weight_per_flight_std,n_prime_avg,n_prime_std
99,50,100,4,10,1,2500,5,0.05,0.5,6,1,33,150,0,1,1.0,0.05,1,70.0606,18.5741,2421.15,73.826,4.57576,0.984251,725.667,7.97653,3.09192,0.530856,542.947,84.8718,3.09192,0.530856,0.0,0.0
115,100,100,4,10,1,2500,5,0.05,0.5,6,1,33,150,0,1,1.0,0.05,1,92.8182,16.0399,2426.58,52.4769,4.60606,1.0,1544.42,10.1026,3.17121,0.549878,542.557,96.9339,3.17121,0.549878,0.0,0.0
131,150,100,4,10,1,2500,5,0.05,0.5,6,1,33,150,0,1,1.0,0.05,1,104.485,15.2891,2442.5,51.4583,4.66667,0.935414,2362.18,11.4209,3.18384,0.484687,533.676,78.4771,3.18384,0.484687,0.0,0.0
147,200,100,4,10,1,2500,5,0.05,0.5,6,1,33,150,0,1,1.0,0.05,1,113.727,11.4299,2423.75,50.6419,5.06061,0.707107,3180.39,14.0479,2.95657,0.402443,488.193,69.9318,2.95657,0.402443,0.0,0.0
163,250,100,4,10,1,2500,5,0.05,0.5,6,1,33,150,0,1,1.0,0.05,1,112.394,8.56205,2430.06,44.4761,4.60606,0.901388,3999.09,16.2721,3.19495,0.436437,537.05,69.4181,3.19495,0.436437,0.0,0.0
179,300,100,4,10,1,2500,5,0.05,0.5,6,1,33,150,0,1,1.0,0.05,1,119.121,9.46625,2451.99,42.0764,5.0,0.707107,4818.09,12.0766,3.06212,0.424085,499.689,69.3498,3.06212,0.424085,0.0,0.0
