seed,num_deliveries,max_len_road,max_interval_len,max_profit,max_weight,drone_battery,drone_load,height,distance,algorithm,solution_space,iterations,energy_unit_cost,energy_per_delivery,regularly_spaced,deliveries_starting_point,error,exponent,total_profit_avg,total_profit_std,total_energy_avg,total_energy_std,total_flights_avg,total_flights_std,all_flights_size_avg,all_flights_size_std,deliveries_per_flight_avg,deliveries_per_flight_std,avg_energy_per_flight_avg,avg_energy_per_flight_std,avg_weight_per_flight_avg,avg_weight_per_flight_std,n_prime_avg,n_prime_std
142,10,100,4,10,5,5000,10,0.05,0.5,8,1,33,150,0,1,0.5,0.0,2,5.15152,3.35523,828.03,236.802,2.27273,0.586302,10.0,0.0,1.0,0.0,372.205,99.5358,3.13131,1.10378,1.0,0.0
158,20,100,4,10,5,5000,10,0.05,0.5,8,1,33,150,0,1,0.5,0.0,2,7.48485,3.56301,1331.15,270.653,3.90909,1.1726,20.0,0.0,1.0,0.0,347.959,78.4966,2.99545,0.790188,1.0,0.0
174,30,100,4,10,5,5000,10,0.05,0.5,8,1,33,150,0,1,0.5,0.0,2,13.0,6.09816,2078.01,213.9,5.9697,1.25,30.0,0.0,1.0,0.0,352.403,48.377,2.95527,0.69366,1.0,0.0
190,40,100,4,10,5,5000,10,0.05,0.5,8,1,33,150,0,1,0.5,0.0,2,15.6667,4.90323,2553.55,254.677,7.18182,0.661438,40.0,0.0,1.0,0.0,356.901,36.7694,2.98124,0.486391,1.0,0.0
206,50,100,4,10,5,5000,10,0.05,0.5,8,1,33,150,0,1,0.5,0.0,2,21.2121,6.17838,3312.18,301.754,9.09091,0.951972,50.0,0.0,1.0,0.0,366.341,33.1916,3.02639,0.541808,1.0,0.0
222,60,100,4,10,5,5000,10,0.05,0.5,8,1,33,150,0,1,0.5,0.0,2,23.5455,7.7986,3849.14,346.733,10.6667,1.45774,60.0,0.0,1.0,0.0,363.481,33.3736,2.99094,0.388824,1.0,0.0
238,70,100,4,10,5,5000,10,0.05,0.5,8,1,33,150,0,1,0.5,0.0,2,27.1212,9.33661,4463.71,319.528,12.5455,1.29904,70.0,0.0,1.0,0.0,358.087,35.7594,3.09199,0.383318,1.0,0.0
254,80,100,4,10,5,5000,10,0.05,0.5,8,1,33,150,0,1,0.5,0.0,2,31.3333,8.33916,4836.3,111.054,13.2121,1.13192,80.0,0.0,1.0,0.0,368.489,31.072,3.04547,0.265383,1.0,0.0
