num_deliveries,opt_opts_ratio_avg
10,2.071021875
20,1.8576935726664388
30,1.4673486738964525
40,1.2297393888286552
