seed,num_deliveries,max_len_road,max_interval_len,max_profit,max_weight,drone_battery,drone_load,height,distance,algorithm,solution_space,iterations,energy_unit_cost,energy_per_delivery,regularly_spaced,deliveries_starting_point,error,exponent,total_profit_avg,total_profit_std,total_energy_avg,total_energy_std,total_flights_avg,total_flights_std,all_flights_size_avg,all_flights_size_std,deliveries_per_flight_avg,deliveries_per_flight_std,avg_energy_per_flight_avg,avg_energy_per_flight_std,avg_weight_per_flight_avg,avg_weight_per_flight_std,n_prime_avg,n_prime_std
1,50,100,2,10,1,2500,5,0.05,0.5,2,1,33,150,0,1,1.0,0.05,0,119.636,7.31786,2489.09,10.9583,5.30303,0.901388,702.333,3.38655,2.87958,0.535358,481.644,80.4637,2.87958,0.535358,7.31107,0.0490898
17,100,100,2,10,1,2500,5,0.05,0.5,2,1,33,150,0,1,1.0,0.05,0,127.848,6.39883,2485.82,13.6415,6.06061,1.11803,1518.09,5.95032,2.59613,0.534821,423.819,79.0137,2.59613,0.534821,7.57517,0.0474604
33,150,100,2,10,1,2500,5,0.05,0.5,2,1,33,150,0,1,1.0,0.05,0,132.121,5.34297,2490.42,7.75012,6.42424,0.968246,2329.36,6.9282,2.42031,0.347619,394.439,52.7632,2.42031,0.347619,7.63363,0.0365046
49,200,100,2,10,1,2500,5,0.05,0.5,2,1,33,150,0,1,1.0,0.05,0,138.152,4.90613,2493.79,5.7378,6.66667,1.25,3141.76,8.099,2.38853,0.442362,383.818,64.7666,2.38853,0.442362,7.67738,0.0269237
65,250,100,2,10,1,2500,5,0.05,0.5,2,1,33,150,0,1,1.0,0.05,0,139.788,4.12127,2494.27,6.92492,6.48485,0.968246,3955.42,8.21203,2.44062,0.360253,391.107,52.54,2.44062,0.360253,7.70177,0.0256724
81,300,100,2,10,1,2500,5,0.05,0.5,2,1,33,150,0,1,1.0,0.05,0,140.333,4.65475,2493.52,6.18022,7.63636,1.26244,4768.03,9.38916,2.06902,0.336856,333.206,49.0321,2.06902,0.336856,7.71949,0.024326
