seed,num_deliveries,max_len_road,max_interval_len,max_profit,max_weight,drone_battery,drone_load,height,distance,algorithm,solution_space,iterations,energy_unit_cost,energy_per_delivery,regularly_spaced,deliveries_starting_point,error,exponent,total_profit_avg,total_profit_std,total_energy_avg,total_energy_std,total_flights_avg,total_flights_std,running_time_avg,running_time_std,all_flights_size_avg,all_flights_size_std
99,10,100,8,10,1,5000,10,0.05,0.5,6,4,33,150,30,0,1,0,0,43.9394,7.75782,4593.21,280.064,4.81818,1.1592,0.0,0.0,54.4848,14.0668
103,20,100,8,10,1,5000,10,0.05,0.5,6,4,33,150,30,0,1,0,0,72.9091,8.48662,4679.78,284.567,5.63636,1.04583,0.00030303,0.000636634,313.394,70.1599
107,30,100,8,10,1,5000,10,0.05,0.5,6,4,33,150,30,0,1,0,0,91.7273,12.3852,4813.86,173.254,6.54545,0.968246,0.00224242,0.00109059,881.879,124.612
111,40,100,8,10,1,5000,10,0.05,0.5,6,4,33,150,30,0,1,0,0,106.212,13.9816,4769.58,186.577,6.60606,1.22474,0.00824242,0.00198479,1867.15,162.806
163,50,100,8,10,1,5000,10,0.05,0.5,6,4,33,150,30,0,1,0,0,122.061,16.5868,4812.41,144.131,6.90909,1.34629,0.0244545,0.00358025,3320.88,214.779
263,60,100,8,10,1,5000,10,0.05,0.5,6,4,33,150,30,0,1,0,0,139.97,13.5011,4828.72,120.329,6.72727,1.36931,0.0564545,0.00816659,5072.39,297.736
267,70,100,8,10,1,5000,10,0.05,0.5,6,4,33,150,30,0,1,0,0,152.273,13.1583,4892.05,88.2843,6.84848,1.29904,0.120788,0.0187779,7405.24,494.084
271,80,100,8,10,1,5000,10,0.05,0.5,6,4,33,150,30,0,1,0,0,163.939,15.4393,4870.49,99.2102,7.21212,1.66771,0.234515,0.027126,10127.5,492.962
