num_deliveries,opt_opts_ratio_avg
10,2.805887862027531
20,2.567023161520319
30,2.063389977614946
