seed,num_deliveries,max_len_road,max_interval_len,max_profit,max_weight,drone_battery,drone_load,height,distance,algorithm,solution_space,iterations,energy_unit_cost,energy_per_delivery,regularly_spaced,deliveries_starting_point,error,exponent,total_profit_avg,total_profit_std,total_energy_avg,total_energy_std,total_flights_avg,total_flights_std,all_flights_size_avg,all_flights_size_std,deliveries_per_flight_avg,deliveries_per_flight_std,avg_energy_per_flight_avg,avg_energy_per_flight_std,avg_weight_per_flight_avg,avg_weight_per_flight_std,n_prime_avg,n_prime_std
15,50,100,4,10,1,5000,10,0.05,0.5,3,1,33,150,0,1,1.0,0.05,0,169.273,16.2697,4794.4,161.938,3.66667,1.32288,1197.21,8.06032,7.90833,1.62265,1388.21,283.014,7.90833,1.62265,12.5396,0.103729
31,100,100,4,10,1,5000,10,0.05,0.5,3,1,33,150,0,1,1.0,0.05,0,187.152,9.45093,4864.28,99.3702,3.63636,1.13192,2849.15,13.2087,8.12395,1.56638,1400.71,267.176,8.12395,1.56638,13.8701,0.082092
47,150,100,4,10,1,5000,10,0.05,0.5,3,1,33,150,0,1,1.0,0.05,0,196.455,11.0767,4901.14,118.4,4.30303,1.71391,4499.73,10.9659,7.36494,1.78864,1241.74,307.535,7.36494,1.78864,14.2237,0.0581631
63,200,100,4,10,1,5000,10,0.05,0.5,3,1,33,150,0,1,1.0,0.05,0,203.939,9.90562,4913.25,80.4041,4.84848,3.09233,6152.15,11.2791,7.22913,2.32194,1212.73,375.336,7.22913,2.32194,14.4224,0.0503003
79,250,100,4,10,1,5000,10,0.05,0.5,3,1,33,150,0,1,1.0,0.05,0,208.788,6.76737,4882.93,125.976,4.72727,2.19374,7802.3,11.8348,6.89683,1.90462,1142.56,296.934,6.89683,1.90462,14.4943,0.0512465
95,300,100,4,10,1,5000,10,0.05,0.5,3,1,33,150,0,1,1.0,0.05,0,212.212,7.3983,4912.47,77.3041,5.30303,2.26385,9453.67,14.3897,6.33547,2.10359,1050.15,340.781,6.33547,2.10359,14.5649,0.0397486
