seed,num_deliveries,max_len_road,max_interval_len,max_profit,max_weight,drone_battery,drone_load,height,distance,algorithm,solution_space,iterations,energy_unit_cost,energy_per_delivery,regularly_spaced,deliveries_starting_point,error,exponent,total_profit_avg,total_profit_std,total_energy_avg,total_energy_std,total_flights_avg,total_flights_std,all_flights_size_avg,all_flights_size_std,deliveries_per_flight_avg,deliveries_per_flight_std,avg_energy_per_flight_avg,avg_energy_per_flight_std,avg_weight_per_flight_avg,avg_weight_per_flight_std,n_prime_avg,n_prime_std
7,50,100,4,10,1,2500,10,0.05,0.5,3,1,33,150,0,1,1.0,0.05,0,93.5455,7.9612,2405.77,93.2897,2.51515,1.23744,727.242,7.81825,6.15296,1.62217,1054.61,249.411,6.15296,1.62217,6.49458,0.081202
23,100,100,4,10,1,2500,10,0.05,0.5,3,1,33,150,0,1,1.0,0.05,0,103.091,6.79321,2413.56,71.5358,2.60606,1.06066,1541.73,10.1796,6.05303,1.65979,1004.17,253.831,6.05303,1.65979,6.67217,0.0610061
39,150,100,4,10,1,2500,10,0.05,0.5,3,1,33,150,0,1,1.0,0.05,0,106.485,5.72888,2422.42,73.724,3.42424,1.87083,2360.61,12.5797,5.19278,2.15258,861.718,327.962,5.19278,2.15258,6.72462,0.0435395
55,200,100,4,10,1,2500,10,0.05,0.5,3,1,33,150,0,1,1.0,0.05,0,108.909,5.58661,2420.52,72.4317,4.48485,2.47487,3178.36,11.6243,4.25186,2.34062,722.433,369.156,4.25186,2.34062,6.76602,0.0384726
71,250,100,4,10,1,2500,10,0.05,0.5,3,1,33,150,0,1,1.0,0.05,0,113.0,4.75,2428.58,71.1209,4.0303,2.55563,3996.79,14.7965,5.10855,2.62149,839.624,402.846,5.10855,2.62149,6.76485,0.0346365
87,300,100,4,10,1,2500,10,0.05,0.5,3,1,33,150,0,1,1.0,0.05,0,114.788,6.56581,2453.73,37.2942,3.90909,2.25,4815.36,15.6844,4.83847,2.34246,791.254,348.5,4.83847,2.34246,6.79126,0.0329859
