seed,num_deliveries,max_len_road,max_interval_len,max_profit,max_weight,drone_battery,drone_load,height,distance,algorithm,solution_space,iterations,energy_unit_cost,energy_per_delivery,regularly_spaced,deliveries_starting_point,error,exponent,total_profit_avg,total_profit_std,total_energy_avg,total_energy_std,total_flights_avg,total_flights_std,all_flights_size_avg,all_flights_size_std,deliveries_per_flight_avg,deliveries_per_flight_std,avg_energy_per_flight_avg,avg_energy_per_flight_std,avg_weight_per_flight_avg,avg_weight_per_flight_std
4,10,100,2,10,1,2500,10,0.05,0.5,0,1,5,150,0,1,0.5,0,0,61.0,20.7726,1508.27,686.194,3.0,2.12132,78.0,6.12372,5.4,4.219,620.181,225.742,5.4,4.219
20,20,100,2,10,1,2500,10,0.05,0.5,0,1,5,150,0,1,0.5,0,0,135.8,7.01427,2467.88,21.6403,5.4,0.707107,257.4,0.707107,3.73333,0.439697,460.733,45.9829,3.73333,0.439697
36,30,100,2,10,1,2500,10,0.05,0.5,0,1,5,150,0,1,0.5,0,0,166.6,15.9781,2469.86,24.4848,3.6,0.866025,531.4,6.74537,7.76667,1.28749,699.19,107.877,7.76667,1.28749
52,40,100,2,10,1,2500,10,0.05,0.5,0,1,5,150,0,1,0.5,0,0,175.2,16.6493,2484.84,14.4237,3.4,0.707107,864.6,10.5475,8.21667,1.27965,745.286,112.216,8.21667,1.27965
68,50,100,2,10,1,2500,10,0.05,0.5,0,1,5,150,0,1,0.5,0,0,176.2,10.3296,2493.12,7.47576,3.8,1.0,1184.8,9.89949,7.26667,1.16875,664.926,93.915,7.26667,1.16875
