seed,num_deliveries,max_len_road,max_interval_len,max_profit,max_weight,drone_battery,drone_load,height,distance,algorithm,solution_space,iterations,energy_unit_cost,energy_per_delivery,regularly_spaced,deliveries_starting_point,error,exponent,total_profit_avg,total_profit_std,total_energy_avg,total_energy_std,total_flights_avg,total_flights_std,all_flights_size_avg,all_flights_size_std,deliveries_per_flight_avg,deliveries_per_flight_std,avg_energy_per_flight_avg,avg_energy_per_flight_std,avg_weight_per_flight_avg,avg_weight_per_flight_std,n_prime_avg,n_prime_std
200,50,100,2,10,1,5000,5,0.05,0.5,6,1,33,150,0,1,0.5,0.05,2,86.5152,21.5452,4732.08,189.686,11.9697,1.58114,1394.94,6.48315,3.4574,0.377884,398.455,33.1902,3.4574,0.377884,0.0,0.0
216,100,100,2,10,1,5000,5,0.05,0.5,6,1,33,150,0,1,0.5,0.05,2,124.091,30.0066,4936.67,41.037,12.5758,0.847791,4604.73,10.2195,3.72292,0.233461,393.404,18.2708,3.72292,0.233461,0.0,0.0
232,150,100,2,10,1,5000,5,0.05,0.5,6,1,33,150,0,1,0.5,0.05,2,145.091,25.8316,4959.57,40.1343,12.9394,1.1592,7893.03,13.1945,3.66259,0.292756,384.202,18.6683,3.66259,0.292756,0.0,0.0
248,200,100,2,10,1,5000,5,0.05,0.5,6,1,33,150,0,1,0.5,0.05,2,175.364,27.205,4940.96,47.1085,12.4545,0.847791,11183.9,11.5515,3.79527,0.295748,397.969,22.9093,3.79527,0.295748,0.0,0.0
264,250,100,2,10,1,5000,5,0.05,0.5,6,1,33,150,0,1,0.5,0.05,2,192.576,33.7398,4960.27,42.4562,12.6667,1.03078,14474.5,15.0644,3.82499,0.303914,392.983,23.541,3.82499,0.303914,0.0,0.0
280,300,100,2,10,1,5000,5,0.05,0.5,6,1,33,150,0,1,0.5,0.05,2,196.879,37.4022,4951.08,37.5796,12.3333,0.883883,17768.8,15.0385,3.91136,0.333307,403.158,26.9662,3.91136,0.333307,0.0,0.0
