seed,num_deliveries,max_len_road,max_interval_len,max_profit,max_weight,drone_battery,drone_load,height,distance,algorithm,solution_space,iterations,energy_unit_cost,energy_per_delivery,regularly_spaced,deliveries_starting_point,error,exponent,total_profit_avg,total_profit_std,total_energy_avg,total_energy_std,total_flights_avg,total_flights_std,all_flights_size_avg,all_flights_size_std,deliveries_per_flight_avg,deliveries_per_flight_std,avg_energy_per_flight_avg,avg_energy_per_flight_std,avg_weight_per_flight_avg,avg_weight_per_flight_std,n_prime_avg,n_prime_std
14,50,100,4,10,1,5000,10,0.05,0.5,3,1,33,150,0,1,0.5,0.05,0,190.455,20.3302,3646.19,340.394,3.48485,0.901388,1532.39,13.7352,8.92778,1.25045,1074.93,161.145,8.92778,1.25045,15.2557,0.0718155
30,100,100,4,10,1,5000,10,0.05,0.5,3,1,33,150,0,1,0.5,0.05,0,276.303,17.1364,4802.06,181.988,4.84848,1.25,4794.55,21.8846,8.98925,1.08349,1019.49,168.411,8.98925,1.08349,24.0531,0.197523
46,150,100,4,10,1,5000,10,0.05,0.5,3,1,33,150,0,1,0.5,0.05,0,300.364,15.433,4863.49,139.092,5.21212,0.810093,8098.45,23.9811,8.96032,0.911644,951.631,133.778,8.96032,0.911644,26.0087,0.138279
62,200,100,4,10,1,5000,10,0.05,0.5,3,1,33,150,0,1,0.5,0.05,0,315.727,14.4855,4892.76,107.64,5.42424,0.901388,11389.2,25.2797,9.00572,0.954603,915.486,99.1737,9.00572,0.954603,26.7502,0.101372
78,250,100,4,10,1,5000,10,0.05,0.5,3,1,33,150,0,1,0.5,0.05,0,323.091,12.1536,4880.81,113.124,5.69697,1.07529,14703.3,26.194,8.69596,1.04625,872.836,119.451,8.69596,1.04625,27.2074,0.098298
94,300,100,4,10,1,5000,10,0.05,0.5,3,1,33,150,0,1,0.5,0.05,0,334.879,14.6154,4909.9,85.5482,5.57576,0.918559,18014.3,30.1123,8.91775,0.837074,894.065,111.488,8.91775,0.837074,27.4864,0.100586
