seed,num_deliveries,max_len_road,max_interval_len,max_profit,max_weight,drone_battery,drone_load,height,distance,algorithm,solution_space,iterations,energy_unit_cost,energy_per_delivery,regularly_spaced,deliveries_starting_point,error,exponent,total_profit_avg,total_profit_std,total_energy_avg,total_energy_std,total_flights_avg,total_flights_std,all_flights_size_avg,all_flights_size_std,deliveries_per_flight_avg,deliveries_per_flight_std,avg_energy_per_flight_avg,avg_energy_per_flight_std,avg_weight_per_flight_avg,avg_weight_per_flight_std
11,10,100,4,10,1,5000,5,0.05,0.5,0,1,5,150,0,1,1.0,0,0,66.6,11.2827,3301.53,835.599,4.6,1.11803,76.2,2.87228,2.3,0.32596,716.857,94.8276,2.3,0.32596
27,20,100,4,10,1,5000,5,0.05,0.5,0,1,5,150,0,1,1.0,0,0,126.4,16.1493,4856.07,123.453,7.0,1.0,255.2,2.39792,2.71786,0.308136,705.271,102.558,2.71786,0.308136
43,30,100,4,10,1,5000,5,0.05,0.5,0,1,5,150,0,1,1.0,0,0,160.8,14.6867,4930.14,33.1707,8.2,0.866025,537.2,3.1225,3.15397,0.431698,606.436,63.7864,3.15397,0.431698
59,40,100,4,10,1,5000,5,0.05,0.5,0,1,5,150,0,1,1.0,0,0,176.8,12.4579,4977.62,24.4755,8.0,1.0,865.8,5.87367,3.39524,0.236928,629.942,77.4884,3.39524,0.236928
75,50,100,4,10,1,5000,5,0.05,0.5,0,1,5,150,0,1,1.0,0,0,179.4,12.7593,4961.72,12.4554,7.0,1.0,1196.6,7.01783,3.92024,0.570709,720.59,103.266,3.92024,0.570709
