seed,num_deliveries,max_len_road,max_interval_len,max_profit,max_weight,drone_battery,drone_load,height,distance,algorithm,solution_space,iterations,energy_unit_cost,energy_per_delivery,regularly_spaced,deliveries_starting_point,error,exponent,total_profit_avg,total_profit_std,total_energy_avg,total_energy_std,total_flights_avg,total_flights_std,all_flights_size_avg,all_flights_size_std,deliveries_per_flight_avg,deliveries_per_flight_std,avg_energy_per_flight_avg,avg_energy_per_flight_std,avg_weight_per_flight_avg,avg_weight_per_flight_std
86,10,100,4,10,5,2500,10,0.05,0.5,0,1,5,150,0,1,0.5,0,0,53.4,11.4586,2038.45,321.562,3.8,1.0,88.2,1.93649,2.11667,0.162447,535.062,39.573,5.56667,1.48301
102,20,100,4,10,5,2500,10,0.05,0.5,0,1,5,150,0,1,0.5,0,0,93.6,9.96494,2416.78,66.4072,5.6,0.866025,294.0,10.0,2.43333,0.11547,435.774,54.2187,7.34,0.79071
118,30,100,4,10,5,2500,10,0.05,0.5,0,1,5,150,0,1,0.5,0,0,115.6,8.38451,2452.1,55.2618,6.0,0.707107,611.4,10.3923,2.81429,0.255551,413.759,55.0344,7.91905,0.497043
134,40,100,4,10,5,2500,10,0.05,0.5,0,1,5,150,0,1,0.5,0,0,132.0,7.10634,2461.3,29.4482,6.2,0.5,945.0,14.6287,2.97619,0.286705,398.583,28.0799,8.22381,0.61436
150,50,100,4,10,5,2500,10,0.05,0.5,0,1,5,150,0,1,0.5,0,0,139.8,6.83374,2483.46,16.3787,6.2,0.5,1270.8,8.66025,3.10476,0.216654,402.22,28.7923,8.90952,0.689531
