seed,num_deliveries,max_len_road,max_interval_len,max_profit,max_weight,drone_battery,drone_load,height,distance,algorithm,solution_space,iterations,energy_unit_cost,energy_per_delivery,regularly_spaced,deliveries_starting_point,error,exponent,total_profit_avg,total_profit_std,total_energy_avg,total_energy_std,total_flights_avg,total_flights_std,all_flights_size_avg,all_flights_size_std,deliveries_per_flight_avg,deliveries_per_flight_std,avg_energy_per_flight_avg,avg_energy_per_flight_std,avg_weight_per_flight_avg,avg_weight_per_flight_std,n_prime_avg,n_prime_std
207,50,100,4,10,1,5000,10,0.05,0.5,6,1,33,150,0,1,1.0,0.05,2,67.0606,21.7729,4882.56,80.6237,7.63636,1.64886,1197.85,9.78839,3.93261,1.04596,666.353,144.091,3.93261,1.04596,0.0,0.0
223,100,100,4,10,1,5000,10,0.05,0.5,6,1,33,150,0,1,1.0,0.05,2,91.6667,30.3002,4925.73,58.1827,7.90909,1.69558,2847.79,12.49,3.82826,0.700368,640.245,103.779,3.82826,0.700368,0.0,0.0
239,150,100,4,10,1,5000,10,0.05,0.5,6,1,33,150,0,1,1.0,0.05,2,109.515,23.1721,4945.87,41.3847,8.06061,1.29904,4499.24,10.3652,3.753,0.715879,629.028,102.813,3.753,0.715879,0.0,0.0
255,200,100,4,10,1,5000,10,0.05,0.5,6,1,33,150,0,1,1.0,0.05,2,127.303,21.4323,4938.64,47.9392,8.48485,1.25,6152.36,9.33073,3.46728,0.570825,593.025,84.8074,3.46728,0.570825,0.0,0.0
271,250,100,4,10,1,5000,10,0.05,0.5,6,1,33,150,0,1,1.0,0.05,2,141.455,23.6049,4936.56,45.2345,8.42424,1.47902,7803.27,14.1256,3.63713,0.777682,604.825,119.52,3.63713,0.777682,0.0,0.0
287,300,100,4,10,1,5000,10,0.05,0.5,6,1,33,150,0,1,1.0,0.05,2,151.152,25.7683,4937.88,46.6327,8.42424,1.52069,9453.03,14.4059,3.58759,0.787762,605.434,118.774,3.58759,0.787762,0.0,0.0
