seed,num_deliveries,max_len_road,max_interval_len,max_profit,max_weight,drone_battery,drone_load,height,distance,algorithm,solution_space,iterations,energy_unit_cost,energy_per_delivery,regularly_spaced,deliveries_starting_point,error,exponent,total_profit_avg,total_profit_std,total_energy_avg,total_energy_std,total_flights_avg,total_flights_std,all_flights_size_avg,all_flights_size_std,deliveries_per_flight_avg,deliveries_per_flight_std,avg_energy_per_flight_avg,avg_energy_per_flight_std,avg_weight_per_flight_avg,avg_weight_per_flight_std,n_prime_avg,n_prime_std
108,50,100,2,10,1,5000,10,0.05,0.5,6,1,33,150,0,1,0.5,0.05,1,167.273,38.5002,4685.09,271.026,10.3333,1.57123,1394.42,5.67891,4.31443,0.718619,460.939,56.7319,4.31443,0.718619,0.0,0.0
124,100,100,2,10,1,5000,10,0.05,0.5,6,1,33,150,0,1,0.5,0.05,1,251.455,43.4332,4942.9,45.2991,10.4242,1.25,4606.82,9.50164,5.02857,0.703753,479.729,51.3076,5.02857,0.703753,0.0,0.0
140,150,100,2,10,1,5000,10,0.05,0.5,6,1,33,150,0,1,0.5,0.05,1,289.455,36.2009,4939.01,47.89,9.75758,1.13192,7895.7,12.2996,5.46048,0.561148,509.541,41.4582,5.46048,0.561148,0.0,0.0
156,200,100,2,10,1,5000,10,0.05,0.5,6,1,33,150,0,1,0.5,0.05,1,325.697,40.6821,4945.53,41.1203,9.57576,1.21192,11183.0,14.3853,5.63783,0.830271,522.975,61.2815,5.63783,0.830271,0.0,0.0
172,250,100,2,10,1,5000,10,0.05,0.5,6,1,33,150,0,1,0.5,0.05,1,355.424,31.0605,4947.03,42.753,9.30303,1.14564,14475.7,17.1273,5.88907,0.859391,539.2,65.2867,5.88907,0.859391,0.0,0.0
188,300,100,2,10,1,5000,10,0.05,0.5,6,1,33,150,0,1,0.5,0.05,1,359.515,32.3256,4944.04,41.012,9.54545,1.1726,17769.4,14.0823,5.69662,0.692889,523.511,53.4657,5.69662,0.692889,0.0,0.0
