seed,num_deliveries,max_len_road,max_interval_len,max_profit,max_weight,drone_battery,drone_load,height,distance,algorithm,solution_space,iterations,energy_unit_cost,energy_per_delivery,regularly_spaced,deliveries_starting_point,error,exponent,total_profit_avg,total_profit_std,total_energy_avg,total_energy_std,total_flights_avg,total_flights_std,running_time_avg,running_time_std,all_flights_size_avg,all_flights_size_std
99,10,100,8,10,1,5000,10,0.05,0.5,2,4,33,150,30,0,1,0,0,46.3333,8.77734,4780.7,190.897,4.33333,0.847791,0.0193636,0.00585138,54.4848,14.0668
103,20,100,8,10,1,5000,10,0.05,0.5,2,4,33,150,30,0,1,0,0,77.0909,8.78338,4913.73,95.3642,5.12121,0.935414,0.106606,0.0288909,313.394,70.1599
107,30,100,8,10,1,5000,10,0.05,0.5,2,4,33,150,30,0,1,0,0,97.4242,12.9519,4938.09,55.2349,5.27273,1.31101,0.305273,0.0471886,881.879,124.612
111,40,100,8,10,1,5000,10,0.05,0.5,2,4,33,150,30,0,1,0,0,113.667,13.4946,4965.52,25.864,5.18182,1.1726,0.637758,0.0768908,1867.15,162.806
163,50,100,8,10,1,5000,10,0.05,0.5,2,4,33,150,30,0,1,0,0,129.394,15.5723,4958.88,27.8621,5.42424,1.32288,1.19179,0.131847,3320.88,214.779
263,60,100,8,10,1,5000,10,0.05,0.5,2,4,33,150,30,0,1,0,0,147.242,13.7682,4973.73,36.4865,5.45455,1.1592,1.79845,0.188745,5072.39,297.736
267,70,100,8,10,1,5000,10,0.05,0.5,2,4,33,150,30,0,1,0,0,159.758,13.636,4973.52,27.549,5.06061,1.14564,2.62809,0.254541,7405.24,494.084
271,80,100,8,10,1,5000,10,0.05,0.5,2,4,33,150,30,0,1,0,0,170.909,16.0066,4972.36,19.7006,5.93939,1.70477,3.76227,0.420591,10127.5,492.962
