seed,num_deliveries,max_len_road,max_interval_len,max_profit,max_weight,drone_battery,drone_load,height,distance,algorithm,solution_space,iterations,energy_unit_cost,energy_per_delivery,regularly_spaced,deliveries_starting_point,error,exponent,total_profit_avg,total_profit_std,total_energy_avg,total_energy_std,total_flights_avg,total_flights_std,running_time_avg,running_time_std,all_flights_size_avg,all_flights_size_std
96,10,100,8,10,1,2500,5,0.05,0.5,2,4,33,150,30,0,1,0,0,29.8788,7.20572,2339.73,126.782,2.51515,0.951972,0.00439394,0.0017667,26.1212,6.37377
100,20,100,8,10,1,2500,5,0.05,0.5,2,4,33,150,30,0,1,0,0,43.4545,7.18545,2405.79,79.7848,3.09091,0.770552,0.0178485,0.00585833,105.576,24.3689
104,30,100,8,10,1,2500,5,0.05,0.5,2,4,33,150,30,0,1,0,0,55.9394,10.92,2408.24,82.147,3.48485,0.935414,0.0419091,0.0122203,245.606,41.7478
108,40,100,8,10,1,2500,5,0.05,0.5,2,4,33,150,30,0,1,0,0,64.2121,9.04419,2441.48,53.1043,3.33333,0.918559,0.0801818,0.0140055,467.788,62.3909
160,50,100,8,10,1,2500,5,0.05,0.5,2,4,33,150,30,0,1,0,0,72.697,9.70337,2448.82,53.3599,3.60606,0.866025,0.133545,0.0143224,764.636,59.4877
164,60,100,8,10,1,2500,5,0.05,0.5,2,4,33,150,30,0,1,0,0,79.2424,10.9545,2457.45,38.5382,3.75758,1.07529,0.189697,0.0188057,1133.12,67.062
264,70,100,8,10,1,2500,5,0.05,0.5,2,4,33,150,30,0,1,0,0,86.1212,7.82128,2459.55,33.155,3.63636,0.951972,0.288242,0.041848,1614.42,94.9556
268,80,100,8,10,1,2500,5,0.05,0.5,2,4,33,150,30,0,1,0,0,89.7879,10.6734,2465.76,39.8819,3.93939,1.26244,0.382818,0.0629963,2155.52,127.375
272,90,100,8,10,1,2500,5,0.05,0.5,2,4,33,150,30,0,1,0,0,94.6364,9.99943,2469.27,21.4829,4.0,0.707107,0.495485,0.0519249,2783.21,129.613
