num_deliveries,opt_opts_ratio_avg
10,2.0566043609827775
20,2.5635439261074766
30,2.510387803454963
40,2.280361118921507
