seed,num_deliveries,max_len_road,max_interval_len,max_profit,max_weight,drone_battery,drone_load,height,distance,algorithm,solution_space,iterations,energy_unit_cost,energy_per_delivery,regularly_spaced,deliveries_starting_point,error,exponent,total_profit_avg,total_profit_std,total_energy_avg,total_energy_std,total_flights_avg,total_flights_std,all_flights_size_avg,all_flights_size_std,deliveries_per_flight_avg,deliveries_per_flight_std,avg_energy_per_flight_avg,avg_energy_per_flight_std,avg_weight_per_flight_avg,avg_weight_per_flight_std,n_prime_avg,n_prime_std
1,50,100,2,10,1,2500,5,0.05,0.5,3,1,33,150,0,1,1.0,0.05,0,101.364,7.44487,2421.63,71.8479,5.09091,1.81142,702.333,3.38655,3.02811,1.10484,533.173,174.152,3.02811,1.10484,7.31107,0.0490898
17,100,100,2,10,1,2500,5,0.05,0.5,3,1,33,150,0,1,1.0,0.05,0,109.758,6.11877,2428.65,53.9305,5.39394,2.06912,1518.09,5.95032,2.98057,1.07989,508.532,169.715,2.98057,1.07989,7.57517,0.0474604
33,150,100,2,10,1,2500,5,0.05,0.5,3,1,33,150,0,1,1.0,0.05,0,114.697,4.76632,2444.76,56.095,5.87879,2.08417,2329.36,6.9282,2.67647,0.919219,459.461,149.2,2.67647,0.919219,7.63363,0.0365046
49,200,100,2,10,1,2500,5,0.05,0.5,3,1,33,150,0,1,1.0,0.05,0,118.909,4.65942,2447.59,43.6846,6.06061,2.3585,3141.76,8.099,2.72206,1.01768,458.243,153.024,2.72206,1.01768,7.67738,0.0269237
65,250,100,2,10,1,2500,5,0.05,0.5,3,1,33,150,0,1,1.0,0.05,0,123.667,4.96026,2455.35,38.553,7.0303,2.06912,3955.42,8.21203,2.30169,0.901166,387.863,143.549,2.30169,0.901166,7.70177,0.0256724
81,300,100,2,10,1,2500,5,0.05,0.5,3,1,33,150,0,1,1.0,0.05,0,124.545,4.59681,2447.05,53.403,7.12121,2.5,4768.03,9.38916,2.37069,1.01647,393.355,156.97,2.37069,1.01647,7.71949,0.024326
