seed,num_deliveries,max_len_road,max_interval_len,max_profit,max_weight,drone_battery,drone_load,height,distance,algorithm,solution_space,iterations,energy_unit_cost,energy_per_delivery,regularly_spaced,deliveries_starting_point,error,exponent,total_profit_avg,total_profit_std,total_energy_avg,total_energy_std,total_flights_avg,total_flights_std,all_flights_size_avg,all_flights_size_std,deliveries_per_flight_avg,deliveries_per_flight_std,avg_energy_per_flight_avg,avg_energy_per_flight_std,avg_weight_per_flight_avg,avg_weight_per_flight_std,n_prime_avg,n_prime_std
9,50,100,2,10,1,5000,5,0.05,0.5,6,1,33,150,0,1,1.0,0.05,0,199.697,16.3659,4940.1,50.2523,12.5455,1.76777,1150.67,3.92906,2.30827,0.378924,401.032,57.019,2.30827,0.378924,0.0,0.0
25,100,100,2,10,1,5000,5,0.05,0.5,6,1,33,150,0,1,1.0,0.05,0,234.818,11.4958,4927.8,51.5041,12.303,1.62019,2796.58,6.87614,2.43377,0.377886,407.632,57.812,2.43377,0.377886,0.0,0.0
41,150,100,2,10,1,5000,5,0.05,0.5,6,1,33,150,0,1,1.0,0.05,0,248.152,10.5063,4936.75,51.23,13.0606,1.88746,4441.3,6.96868,2.32359,0.369671,385.61,55.5056,2.32359,0.369671,0.0,0.0
57,200,100,2,10,1,5000,5,0.05,0.5,6,1,33,150,0,1,1.0,0.05,0,257.333,8.09964,4940.48,45.333,13.6667,1.60078,6088.45,8.41316,2.22996,0.286657,365.77,42.1894,2.22996,0.286657,0.0,0.0
73,250,100,2,10,1,5000,5,0.05,0.5,6,1,33,150,0,1,1.0,0.05,0,264.333,7.33854,4938.84,43.3118,14.0,1.45774,7732.0,9.12414,2.19515,0.247402,356.532,37.7262,2.19515,0.247402,0.0,0.0
89,300,100,2,10,1,5000,5,0.05,0.5,6,1,33,150,0,1,1.0,0.05,0,268.242,7.83035,4932.93,43.1695,13.6364,1.70477,9379.79,10.4851,2.25892,0.253845,366.232,40.5834,2.25892,0.253845,0.0,0.0
