seed,num_deliveries,max_len_road,max_interval_len,max_profit,max_weight,drone_battery,drone_load,height,distance,algorithm,solution_space,iterations,energy_unit_cost,energy_per_delivery,regularly_spaced,deliveries_starting_point,error,exponent,total_profit_avg,total_profit_std,total_energy_avg,total_energy_std,total_flights_avg,total_flights_std,all_flights_size_avg,all_flights_size_std,deliveries_per_flight_avg,deliveries_per_flight_std,avg_energy_per_flight_avg,avg_energy_per_flight_std,avg_weight_per_flight_avg,avg_weight_per_flight_std,n_prime_avg,n_prime_std
103,50,100,4,10,1,2500,10,0.05,0.5,2,1,33,150,0,1,1.0,0.05,1,84.7273,22.5309,2462.18,32.7895,2.45455,0.728869,726.97,7.68521,6.4899,1.41724,1049.36,210.067,6.4899,1.41724,6.47814,0.0751643
119,100,100,4,10,1,2500,10,0.05,0.5,2,1,33,150,0,1,1.0,0.05,1,110.394,16.7275,2464.18,39.1164,2.90909,1.19896,1542.79,11.2694,5.59848,1.52858,903.343,230.006,5.59848,1.52858,6.66158,0.0545196
135,150,100,4,10,1,2500,10,0.05,0.5,2,1,33,150,0,1,1.0,0.05,1,115.485,11.0032,2460.45,31.6387,2.78788,1.11803,2362.76,13.03,5.91061,1.62444,946.905,246.604,5.91061,1.62444,6.73642,0.0484831
151,200,100,4,10,1,2500,10,0.05,0.5,2,1,33,150,0,1,1.0,0.05,1,116.364,12.3562,2480.91,22.0516,3.18182,0.612372,3182.7,15.7886,5.0202,1.0236,807.992,165.658,5.0202,1.0236,6.75617,0.0387706
167,250,100,4,10,1,2500,10,0.05,0.5,2,1,33,150,0,1,1.0,0.05,1,122.424,12.0831,2476.67,23.2442,3.09091,0.53033,3999.48,11.1524,5.17677,1.01759,825.545,155.379,5.17677,1.01759,6.76827,0.0426928
183,300,100,4,10,1,2500,10,0.05,0.5,2,1,33,150,0,1,1.0,0.05,1,126.758,7.79435,2476.55,20.2362,3.12121,0.661438,4821.91,14.1885,5.20051,1.10441,827.491,177.595,5.20051,1.10441,6.78858,0.0305477
