seed,num_deliveries,max_len_road,max_interval_len,max_profit,max_weight,drone_battery,drone_load,height,distance,algorithm,solution_space,iterations,energy_unit_cost,energy_per_delivery,regularly_spaced,deliveries_starting_point,error,exponent,total_profit_avg,total_profit_std,total_energy_avg,total_energy_std,total_flights_avg,total_flights_std,all_flights_size_avg,all_flights_size_std,deliveries_per_flight_avg,deliveries_per_flight_std,avg_energy_per_flight_avg,avg_energy_per_flight_std,avg_weight_per_flight_avg,avg_weight_per_flight_std,n_prime_avg,n_prime_std
9,50,100,2,10,1,5000,5,0.05,0.5,3,1,33,150,0,1,1.0,0.05,0,171.818,13.3708,4879.39,98.7277,8.72727,3.38194,1150.67,3.92906,3.39422,1.12206,624.158,186.252,3.39422,1.12206,13.5005,0.0716287
25,100,100,2,10,1,5000,5,0.05,0.5,3,1,33,150,0,1,1.0,0.05,0,199.364,10.7959,4922.57,58.5662,9.36364,3.27872,2796.58,6.87614,3.26146,0.977571,575.186,156.097,3.26146,0.977571,14.9794,0.0525652
41,150,100,2,10,1,5000,5,0.05,0.5,3,1,33,150,0,1,1.0,0.05,0,212.788,10.018,4910.62,77.5382,10.7576,4.17956,4441.3,6.96868,2.98044,1.15022,519.369,174.631,2.98044,1.15022,15.3755,0.037121
57,200,100,2,10,1,5000,5,0.05,0.5,3,1,33,150,0,1,1.0,0.05,0,222.697,8.14127,4912.91,71.2448,11.3333,4.27566,6088.45,8.41316,2.85481,1.02828,489.526,156.987,2.85481,1.02828,15.5529,0.0315347
73,250,100,2,10,1,5000,5,0.05,0.5,3,1,33,150,0,1,1.0,0.05,0,226.758,9.88696,4941.08,54.7015,12.1212,3.39116,7732.0,9.12414,2.58152,0.892865,442.936,133.946,2.58152,0.892865,15.6551,0.0299988
89,300,100,2,10,1,5000,5,0.05,0.5,3,1,33,150,0,1,1.0,0.05,0,231.636,7.06584,4930.64,62.5519,11.6061,4.30842,9379.79,10.4851,2.80086,0.950076,475.681,148.813,2.80086,0.950076,15.7218,0.0219324
