seed,num_deliveries,max_len_road,max_interval_len,max_profit,max_weight,drone_battery,drone_load,height,distance,algorithm,solution_space,iterations,energy_unit_cost,energy_per_delivery,regularly_spaced,deliveries_starting_point,error,exponent,total_profit_avg,total_profit_std,total_energy_avg,total_energy_std,total_flights_avg,total_flights_std,all_flights_size_avg,all_flights_size_std,deliveries_per_flight_avg,deliveries_per_flight_std,avg_energy_per_flight_avg,avg_energy_per_flight_std,avg_weight_per_flight_avg,avg_weight_per_flight_std
82,10,100,4,10,5,2500,5,0.05,0.5,0,1,5,150,0,1,0.5,0,0,37.8,13.7732,1562.14,582.117,2.6,1.32288,43.4,13.0192,2.31667,0.480162,656.678,241.68,4.53333,0.505525
98,20,100,4,10,5,2500,5,0.05,0.5,0,1,5,150,0,1,0.5,0,0,63.6,12.8374,2302.3,176.081,4.6,0.866025,128.6,30.2696,2.12,0.356371,509.053,93.6045,4.32,0.564137
114,30,100,4,10,5,2500,5,0.05,0.5,0,1,5,150,0,1,0.5,0,0,72.0,11.4673,2442.5,77.1489,6.4,1.0,222.8,56.3116,1.79048,0.170367,387.218,50.1066,4.44286,0.304725
130,40,100,4,10,5,2500,5,0.05,0.5,0,1,5,150,0,1,0.5,0,0,95.8,12.7358,2471.34,28.534,6.0,0.0,489.0,48.4768,2.1,0.190029,411.891,4.75567,4.0,0.204124
146,50,100,4,10,5,2500,5,0.05,0.5,0,1,5,150,0,1,0.5,0,0,103.4,12.6016,2472.88,14.887,6.2,0.866025,564.2,86.5087,2.33524,0.488375,405.236,59.5819,4.32952,0.413305
