seed,num_deliveries,max_len_road,max_interval_len,max_profit,max_weight,drone_battery,drone_load,height,distance,algorithm,solution_space,iterations,energy_unit_cost,energy_per_delivery,regularly_spaced,deliveries_starting_point,error,exponent,total_profit_avg,total_profit_std,total_energy_avg,total_energy_std,total_flights_avg,total_flights_std,all_flights_size_avg,all_flights_size_std,deliveries_per_flight_avg,deliveries_per_flight_std,avg_energy_per_flight_avg,avg_energy_per_flight_std,avg_weight_per_flight_avg,avg_weight_per_flight_std,n_prime_avg,n_prime_std
7,50,100,4,10,1,2500,10,0.05,0.5,2,1,33,150,0,1,1.0,0.05,0,110.818,8.33462,2476.33,24.8881,3.39394,1.13192,727.242,7.81825,4.92626,1.60434,799.64,245.375,4.92626,1.60434,6.49458,0.081202
23,100,100,4,10,1,2500,10,0.05,0.5,2,1,33,150,0,1,1.0,0.05,0,120.394,5.88929,2486.91,13.803,4.21212,0.918559,1541.73,10.1796,3.83788,1.0773,621.373,159.511,3.83788,1.0773,6.67217,0.0610061
39,150,100,4,10,1,2500,10,0.05,0.5,2,1,33,150,0,1,1.0,0.05,0,124.455,5.80458,2482.85,15.2891,4.54545,0.935414,2360.61,12.5797,3.49697,0.744102,562.961,106.682,3.49697,0.744102,6.72462,0.0435395
55,200,100,4,10,1,2500,10,0.05,0.5,2,1,33,150,0,1,1.0,0.05,0,126.455,6.18006,2486.94,12.9179,4.9697,1.52069,3178.36,11.6243,3.27006,0.96771,530.961,140.113,3.27006,0.96771,6.76602,0.0384726
71,250,100,4,10,1,2500,10,0.05,0.5,2,1,33,150,0,1,1.0,0.05,0,131.515,5.66304,2490.97,9.44221,5.12121,0.866025,3996.79,14.7965,3.09827,0.622911,501.391,95.3762,3.09827,0.622911,6.76485,0.0346365
87,300,100,4,10,1,2500,10,0.05,0.5,2,1,33,150,0,1,1.0,0.05,0,132.758,6.40815,2490.85,9.63107,4.9697,1.5,4815.36,15.6844,3.30693,0.876463,529.265,131.882,3.30693,0.876463,6.79126,0.0329859
