num_deliveries,opt_opts_ratio_avg
10,1.7164046729806233
20,1.2704748462613906
30,1.1888183153666552
40,1.1501207203535981
