seed,num_deliveries,max_len_road,max_interval_len,max_profit,max_weight,drone_battery,drone_load,height,distance,algorithm,solution_space,iterations,energy_unit_cost,energy_per_delivery,regularly_spaced,deliveries_starting_point,error,exponent,total_profit_avg,total_profit_std,total_energy_avg,total_energy_std,total_flights_avg,total_flights_std,all_flights_size_avg,all_flights_size_std,deliveries_per_flight_avg,deliveries_per_flight_std,avg_energy_per_flight_avg,avg_energy_per_flight_std,avg_weight_per_flight_avg,avg_weight_per_flight_std,n_prime_avg,n_prime_std
5,50,100,2,10,1,2500,10,0.05,0.5,3,1,33,150,0,1,1.0,0.05,0,101.0,6.53357,2429.66,69.795,3.9697,2.53722,703.636,4.8509,4.78692,2.30274,794.344,351.77,4.78692,2.30274,7.31301,0.0505459
21,100,100,2,10,1,2500,10,0.05,0.5,3,1,33,150,0,1,1.0,0.05,0,114.667,5.57711,2431.81,45.8227,4.09091,2.17227,1517.64,5.48578,4.6017,2.17747,747.207,327.188,4.6017,2.17747,7.56775,0.0410295
37,150,100,2,10,1,2500,10,0.05,0.5,3,1,33,150,0,1,1.0,0.05,0,115.879,4.99848,2441.15,59.0759,5.42424,2.48747,2328.52,6.45417,3.45808,2.04756,568.567,303.991,3.45808,2.04756,7.64039,0.0274027
53,200,100,2,10,1,2500,10,0.05,0.5,3,1,33,150,0,1,1.0,0.05,0,120.909,5.09512,2451.83,42.5849,5.60606,2.69258,3142.88,9.75481,3.48606,2.1415,567.525,321.392,3.48606,2.1415,7.68062,0.0240576
69,250,100,2,10,1,2500,10,0.05,0.5,3,1,33,150,0,1,1.0,0.05,0,121.212,4.12884,2444.42,54.4349,6.87879,2.70994,3957.55,10.6095,2.49851,1.2135,416.921,185.082,2.49851,1.2135,7.70963,0.0312923
85,300,100,2,10,1,2500,10,0.05,0.5,3,1,33,150,0,1,1.0,0.05,0,125.333,4.85198,2436.62,50.4501,6.66667,2.91548,4767.94,9.5443,2.83388,1.7482,462.28,264.171,2.83388,1.7482,7.71663,0.0218988
