seed,num_deliveries,max_len_road,max_interval_len,max_profit,max_weight,drone_battery,drone_load,height,distance,algorithm,solution_space,iterations,energy_unit_cost,energy_per_delivery,regularly_spaced,deliveries_starting_point,error,exponent,total_profit_avg,total_profit_std,total_energy_avg,total_energy_std,total_flights_avg,total_flights_std,running_time_avg,running_time_std,all_flights_size_avg,all_flights_size_std
98,10,100,8,10,1,5000,5,0.05,0.5,3,4,33,150,30,0,1,0,0,36.1212,5.66656,4384.3,421.104,4.0,1.22474,0.0,0.0,52.4848,13.2335
102,20,100,8,10,1,5000,5,0.05,0.5,3,4,33,150,30,0,1,0,0,55.0,9.22971,4635.43,312.647,4.39394,1.46842,0.000363636,0.000548759,284.455,38.4687
106,30,100,8,10,1,5000,5,0.05,0.5,3,4,33,150,30,0,1,0,0,69.5455,14.1158,4696.24,239.577,4.39394,2.27074,0.00130303,0.000809508,682.455,59.7168
110,40,100,8,10,1,5000,5,0.05,0.5,3,4,33,150,30,0,1,0,0,79.7273,9.14902,4632.85,322.773,4.12121,1.80278,0.00460606,0.00108799,1288.36,82.5447
162,50,100,8,10,1,5000,5,0.05,0.5,3,4,33,150,30,0,1,0,0,87.8788,7.89683,4697.7,260.697,4.75758,1.79409,0.0115152,0.00282977,2115.45,142.848
166,60,100,8,10,1,5000,5,0.05,0.5,3,4,33,150,30,0,1,0,0,99.1212,11.9785,4804.12,212.836,5.33333,1.64886,0.0246667,0.00342479,3071.12,129.519
266,70,100,8,10,1,5000,5,0.05,0.5,3,4,33,150,30,0,1,0,0,105.394,11.308,4757.97,244.953,4.54545,1.65831,0.0516061,0.00908962,4295.12,224.954
270,80,100,8,10,1,5000,5,0.05,0.5,3,4,33,150,30,0,1,0,0,110.485,12.5626,4698.66,209.32,4.60606,1.62019,0.0992424,0.0148472,5723.24,264.132
274,90,100,8,10,1,5000,5,0.05,0.5,3,4,33,150,30,0,1,0,0,122.061,10.9343,4769.44,194.407,5.0303,1.68634,0.174,0.0256235,7237.52,283.53
