seed,num_deliveries,max_len_road,max_interval_len,max_profit,max_weight,drone_battery,drone_load,height,distance,algorithm,solution_space,iterations,energy_unit_cost,energy_per_delivery,regularly_spaced,deliveries_starting_point,error,exponent,total_profit_avg,total_profit_std,total_energy_avg,total_energy_std,total_flights_avg,total_flights_std,all_flights_size_avg,all_flights_size_std,deliveries_per_flight_avg,deliveries_per_flight_std,avg_energy_per_flight_avg,avg_energy_per_flight_std,avg_weight_per_flight_avg,avg_weight_per_flight_std,n_prime_avg,n_prime_std
202,50,100,4,10,1,5000,5,0.05,0.5,3,1,33,150,0,1,0.5,0.05,2,52.9091,17.7718,4633.53,396.401,9.18182,2.04634,1532.03,18.1358,2.43089,0.814289,527.122,110.09,2.43089,0.814289,15.2541,0.0947405
218,100,100,4,10,1,5000,5,0.05,0.5,3,1,33,150,0,1,0.5,0.05,2,85.1515,20.8223,4780.1,209.723,7.30303,2.19374,4788.33,19.5808,4.06958,0.990141,697.202,155.458,4.06958,0.990141,24.0889,0.17543
234,150,100,4,10,1,5000,5,0.05,0.5,3,1,33,150,0,1,0.5,0.05,2,95.5455,16.9339,4828.67,135.326,8.24242,2.59808,8098.55,23.6802,3.90009,1.04275,632.992,161.597,3.90009,1.04275,26.0147,0.149926
250,200,100,4,10,1,5000,5,0.05,0.5,3,1,33,150,0,1,0.5,0.05,2,106.121,19.3484,4873.44,96.8575,8.15152,2.32513,11401.8,29.0716,4.14563,0.969487,638.094,152.538,4.14563,0.969487,26.7828,0.0921265
266,250,100,4,10,1,5000,5,0.05,0.5,3,1,33,150,0,1,0.5,0.05,2,118.545,20.1325,4837.67,117.766,8.90909,2.56174,14709.3,20.9672,4.02782,0.817428,574.908,129.238,4.02782,0.817428,27.1957,0.0880214
282,300,100,4,10,1,5000,5,0.05,0.5,3,1,33,150,0,1,0.5,0.05,2,123.909,21.0585,4890.22,78.2418,8.87879,2.39139,18010.8,29.8109,4.12746,0.78118,578.367,121.457,4.12746,0.78118,27.4957,0.0836571
