num_deliveries,opt_opts_ratio_avg
10,1.885331737601915
20,1.963337010545295
30,1.5947523876107217
40,1.3846119217653687
