seed,num_deliveries,max_len_road,max_interval_len,max_profit,max_weight,drone_battery,drone_load,height,distance,algorithm,solution_space,iterations,energy_unit_cost,energy_per_delivery,regularly_spaced,deliveries_starting_point,error,exponent,total_profit_avg,total_profit_std,total_energy_avg,total_energy_std,total_flights_avg,total_flights_std,running_time_avg,running_time_std,all_flights_size_avg,all_flights_size_std
97,10,100,8,10,1,2500,10,0.05,0.5,2,4,33,150,30,0,1,0,0,28.8182,6.73821,2302.7,161.912,2.42424,0.75,0.00454545,0.00209301,26.4242,6.65207
101,20,100,8,10,1,2500,10,0.05,0.5,2,4,33,150,30,0,1,0,0,48.5152,9.36456,2396.88,87.1969,3.06061,0.935414,0.0181515,0.00570702,108.394,25.1328
105,30,100,8,10,1,2500,10,0.05,0.5,2,4,33,150,30,0,1,0,0,55.1818,8.70867,2445.67,51.4537,3.60606,1.06066,0.0434545,0.00841535,260.576,35.0558
109,40,100,8,10,1,2500,10,0.05,0.5,2,4,33,150,30,0,1,0,0,66.2727,7.4928,2437.03,80.8998,3.15152,0.847791,0.0854242,0.0159531,497.333,72.6079
161,50,100,8,10,1,2500,10,0.05,0.5,2,4,33,150,30,0,1,0,0,70.8182,9.84078,2464.0,37.648,3.24242,1.0,0.147939,0.023309,811.333,89.0672
165,60,100,8,10,1,2500,10,0.05,0.5,2,4,33,150,30,0,1,0,0,84.3333,10.1355,2457.7,44.359,3.33333,0.984251,0.234788,0.0351699,1353.97,158.776
265,70,100,8,10,1,2500,10,0.05,0.5,2,4,33,150,30,0,1,0,0,89.0606,10.8078,2465.42,27.6055,3.33333,0.847791,0.352333,0.071362,1968.24,223.717
269,80,100,8,10,1,2500,10,0.05,0.5,2,4,33,150,30,0,1,0,0,93.5758,8.44479,2469.97,19.3463,3.45455,1.0155,0.471636,0.0715397,2662.27,259.511
273,90,100,8,10,1,2500,10,0.05,0.5,2,4,33,150,30,0,1,0,0,100.636,8.80276,2474.88,22.5288,3.39394,1.04583,0.623121,0.0624098,3595.79,272.352
