num_deliveries,opt_opts_ratio_avg
10,2.0732618333136905
20,1.878441915453387
30,1.458380873219513
