seed,num_deliveries,max_len_road,max_interval_len,max_profit,max_weight,drone_battery,drone_load,height,distance,algorithm,solution_space,iterations,energy_unit_cost,energy_per_delivery,regularly_spaced,deliveries_starting_point,error,exponent,total_profit_avg,total_profit_std,total_energy_avg,total_energy_std,total_flights_avg,total_flights_std,all_flights_size_avg,all_flights_size_std,deliveries_per_flight_avg,deliveries_per_flight_std,avg_energy_per_flight_avg,avg_energy_per_flight_std,avg_weight_per_flight_avg,avg_weight_per_flight_std,n_prime_avg,n_prime_std
197,50,100,2,10,1,2500,10,0.05,0.5,2,1,33,150,0,1,1.0,0.05,2,49.1515,16.6304,2476.88,22.1709,3.06061,1.08972,703.455,3.77078,5.66414,1.93172,900.909,282.079,5.66414,1.93172,7.29877,0.061108
213,100,100,2,10,1,2500,10,0.05,0.5,2,1,33,150,0,1,1.0,0.05,2,64.5758,19.4904,2482.61,15.5763,2.93939,1.1592,1515.03,4.5104,5.58333,1.40837,886.204,201.842,5.58333,1.40837,7.55935,0.0339561
229,150,100,2,10,1,2500,10,0.05,0.5,2,1,33,150,0,1,1.0,0.05,2,70.6061,19.7641,2479.82,21.6383,3.24242,0.661438,2328.88,6.74305,4.98889,1.00178,791.286,152.046,4.98889,1.00178,7.64362,0.0308009
245,200,100,2,10,1,2500,10,0.05,0.5,2,1,33,150,0,1,1.0,0.05,2,77.8182,15.9108,2477.3,21.2228,3.24242,0.707107,3145.21,7.17853,5.08434,1.09823,796.8,173.952,5.08434,1.09823,7.67587,0.0309663
261,250,100,2,10,1,2500,10,0.05,0.5,2,1,33,150,0,1,1.0,0.05,2,86.5152,14.2371,2479.36,19.3695,3.57576,0.984251,3957.85,9.42404,4.55152,1.01665,724.841,155.381,4.55152,1.01665,7.70081,0.023236
277,300,100,2,10,1,2500,10,0.05,0.5,2,1,33,150,0,1,1.0,0.05,2,91.2424,19.1116,2481.09,14.2069,3.45455,0.770552,4768.91,10.7732,4.73737,1.09927,745.177,160.418,4.73737,1.09927,7.71193,0.0231189
