seed,num_deliveries,max_len_road,max_interval_len,max_profit,max_weight,drone_battery,drone_load,height,distance,algorithm,solution_space,iterations,energy_unit_cost,energy_per_delivery,regularly_spaced,deliveries_starting_point,error,exponent,total_profit_avg,total_profit_std,total_energy_avg,total_energy_std,total_flights_avg,total_flights_std,all_flights_size_avg,all_flights_size_std,deliveries_per_flight_avg,deliveries_per_flight_std,avg_energy_per_flight_avg,avg_energy_per_flight_std,avg_weight_per_flight_avg,avg_weight_per_flight_std,n_prime_avg,n_prime_std
205,50,100,2,10,1,5000,10,0.05,0.5,2,1,33,150,0,1,1.0,0.05,2,74.2121,26.7801,4983.36,17.1698,5.42424,1.71391,1151.7,3.84464,6.24346,1.83333,992.724,255.165,6.24346,1.83333,13.5026,0.0784636
221,100,100,2,10,1,5000,10,0.05,0.5,2,1,33,150,0,1,1.0,0.05,2,110.242,30.8859,4982.03,22.2928,5.87879,1.57123,2796.97,6.45659,5.56501,1.32092,885.483,182.882,5.56501,1.32092,14.9853,0.055934
237,150,100,2,10,1,5000,10,0.05,0.5,2,1,33,150,0,1,1.0,0.05,2,115.697,26.2506,4985.97,19.1874,5.90909,1.73205,4442.33,6.27246,5.60171,1.42138,891.885,205.299,5.60171,1.42138,15.3781,0.0447609
253,200,100,2,10,1,5000,10,0.05,0.5,2,1,33,150,0,1,1.0,0.05,2,135.576,31.5674,4988.88,10.7173,5.93939,1.75891,6089.88,8.53852,5.55006,1.19483,880.008,171.373,5.55006,1.19483,15.5566,0.0333275
269,250,100,2,10,1,5000,10,0.05,0.5,2,1,33,150,0,1,1.0,0.05,2,147.061,27.4852,4988.64,11.8818,5.60606,1.19896,7731.85,10.6478,5.80796,1.11248,918.071,164.558,5.80796,1.11248,15.6533,0.0307317
285,300,100,2,10,1,5000,10,0.05,0.5,2,1,33,150,0,1,1.0,0.05,2,158.333,34.4607,4989.85,9.40785,5.90909,1.45774,9378.03,10.8585,5.51273,1.0677,872.574,154.881,5.51273,1.0677,15.717,0.027595
