seed,num_deliveries,max_len_road,max_interval_len,max_profit,max_weight,drone_battery,drone_load,height,distance,algorithm,solution_space,iterations,energy_unit_cost,energy_per_delivery,regularly_spaced,deliveries_starting_point,error,exponent,total_profit_avg,total_profit_std,total_energy_avg,total_energy_std,total_flights_avg,total_flights_std,all_flights_size_avg,all_flights_size_std,deliveries_per_flight_avg,deliveries_per_flight_std,avg_energy_per_flight_avg,avg_energy_per_flight_std,avg_weight_per_flight_avg,avg_weight_per_flight_std,n_prime_avg,n_prime_std
109,50,100,2,10,1,5000,10,0.05,0.5,3,1,33,150,0,1,1.0,0.05,1,126.97,33.1686,4833.71,138.502,4.78788,2.63391,1151.33,4.46164,6.96946,2.21821,1165.81,358.307,6.96946,2.21821,13.4817,0.0698323
125,100,100,2,10,1,5000,10,0.05,0.5,3,1,33,150,0,1,1.0,0.05,1,167.0,27.9564,4855.6,92.346,4.42424,1.22474,2796.76,7.02896,7.06277,1.64702,1163.53,274.989,7.06277,1.64702,14.9965,0.0437289
141,150,100,2,10,1,5000,10,0.05,0.5,3,1,33,150,0,1,1.0,0.05,1,185.697,26.5595,4874.04,110.189,5.0,1.60078,4441.39,5.89226,6.42897,1.66319,1053.81,270.018,6.42897,1.66319,15.3763,0.0534158
157,200,100,2,10,1,5000,10,0.05,0.5,3,1,33,150,0,1,1.0,0.05,1,202.667,22.6601,4895.29,97.8733,5.24242,1.87083,6088.12,9.38749,6.09055,1.47132,1001.94,228.481,6.09055,1.47132,15.5563,0.0402925
173,250,100,2,10,1,5000,10,0.05,0.5,3,1,33,150,0,1,1.0,0.05,1,209.424,18.549,4912.34,80.9594,5.12121,1.43614,7734.88,8.08355,6.2231,1.57368,1025.11,251.821,6.2231,1.57368,15.6535,0.0255389
189,300,100,2,10,1,5000,10,0.05,0.5,3,1,33,150,0,1,1.0,0.05,1,214.636,19.4178,4912.09,76.7923,5.48485,1.5,9378.64,9.95458,5.82659,1.48418,950.635,226.78,5.82659,1.48418,15.7174,0.0250602
