seed,num_deliveries,max_len_road,max_interval_len,max_profit,max_weight,drone_battery,drone_load,height,distance,algorithm,solution_space,iterations,energy_unit_cost,energy_per_delivery,regularly_spaced,deliveries_starting_point,error,exponent,total_profit_avg,total_profit_std,total_energy_avg,total_energy_std,total_flights_avg,total_flights_std,all_flights_size_avg,all_flights_size_std,deliveries_per_flight_avg,deliveries_per_flight_std,avg_energy_per_flight_avg,avg_energy_per_flight_std,avg_weight_per_flight_avg,avg_weight_per_flight_std,n_prime_avg,n_prime_std
106,50,100,4,10,1,5000,5,0.05,0.5,2,1,33,150,0,1,0.5,0.05,1,133.424,35.3898,4960.67,36.2092,9.72727,1.11803,1534.42,15.0104,3.4571,0.277737,513.761,45.7992,3.4571,0.277737,15.2408,0.0771564
122,100,100,4,10,1,5000,5,0.05,0.5,2,1,33,150,0,1,0.5,0.05,1,196.061,34.47,4972.67,26.8464,10.1818,0.901388,4788.33,21.1786,4.22328,0.303224,491.892,42.0217,4.22328,0.303224,24.0826,0.157667
138,150,100,4,10,1,5000,5,0.05,0.5,2,1,33,150,0,1,0.5,0.05,1,250.182,32.9151,4985.36,12.4645,10.2727,0.684653,8095.73,31.24,4.36275,0.21991,487.079,30.2174,4.36275,0.21991,25.9588,0.129374
154,200,100,4,10,1,5000,5,0.05,0.5,2,1,33,150,0,1,0.5,0.05,1,278.424,34.2965,4987.27,10.9324,10.4242,0.829156,11398.1,21.841,4.44555,0.289168,480.539,32.1496,4.44555,0.289168,26.8078,0.106335
170,250,100,4,10,1,5000,5,0.05,0.5,2,1,33,150,0,1,0.5,0.05,1,299.545,25.2142,4988.39,11.9188,10.4545,0.728869,14694.6,28.4621,4.50435,0.22961,478.541,26.6459,4.50435,0.22961,27.1935,0.113893
186,300,100,4,10,1,5000,5,0.05,0.5,2,1,33,150,0,1,0.5,0.05,1,316.879,22.5759,4985.97,14.8482,10.5152,0.810093,17999.4,25.1719,4.46142,0.211084,475.753,27.8499,4.46142,0.211084,27.4905,0.0768073
