seed,num_deliveries,max_len_road,max_interval_len,max_profit,max_weight,drone_battery,drone_load,height,distance,algorithm,solution_space,iterations,energy_unit_cost,energy_per_delivery,regularly_spaced,deliveries_starting_point,error,exponent,total_profit_avg,total_profit_std,total_energy_avg,total_energy_std,total_flights_avg,total_flights_std,all_flights_size_avg,all_flights_size_std,deliveries_per_flight_avg,deliveries_per_flight_std,avg_energy_per_flight_avg,avg_energy_per_flight_std,avg_weight_per_flight_avg,avg_weight_per_flight_std,n_prime_avg,n_prime_std
104,50,100,2,10,1,5000,5,0.05,0.5,3,1,33,150,0,1,0.5,0.05,1,121.788,33.4942,4862.8,271.005,13.8182,2.08417,1395.42,9.06228,1.99266,0.468922,357.657,43.9779,1.99266,0.468922,16.1092,0.0776436
120,100,100,2,10,1,5000,5,0.05,0.5,3,1,33,150,0,1,0.5,0.05,1,185.909,25.7262,4873.41,103.129,10.7879,3.20156,4604.73,11.6216,3.71435,1.11883,484.052,118.844,3.71435,1.11883,26.0313,0.0882099
136,150,100,2,10,1,5000,5,0.05,0.5,3,1,33,150,0,1,0.5,0.05,1,213.0,24.3208,4902.55,87.1634,10.4242,1.93649,7893.39,10.1965,3.90644,0.600392,484.068,80.2912,3.90644,0.600392,28.147,0.081982
152,200,100,2,10,1,5000,5,0.05,0.5,3,1,33,150,0,1,0.5,0.05,1,235.364,30.3313,4914.09,87.51,10.9697,2.70416,11185.5,15.5352,3.84841,0.866181,466.615,86.5881,3.84841,0.866181,28.9834,0.0552268
168,250,100,2,10,1,5000,5,0.05,0.5,3,1,33,150,0,1,0.5,0.05,1,251.818,29.306,4917.35,69.2358,10.4545,2.36511,14477.0,17.6352,4.03362,0.728001,487.024,80.8138,4.03362,0.728001,29.4535,0.0472398
184,300,100,2,10,1,5000,5,0.05,0.5,3,1,33,150,0,1,0.5,0.05,1,260.727,28.8252,4913.25,69.1946,10.1818,1.29904,17760.9,17.9626,4.1576,0.406469,489.287,55.7779,4.1576,0.406469,29.7456,0.045718
