num_deliveries,opt_opts_ratio_avg
10,2.2329870634732094
20,1.7058390243902442
30,1.5931112570293295
40,1.5246827397945364
