seed,num_deliveries,max_len_road,max_interval_len,max_profit,max_weight,drone_battery,drone_load,height,distance,algorithm,solution_space,iterations,energy_unit_cost,energy_per_delivery,regularly_spaced,deliveries_starting_point,error,exponent,total_profit_avg,total_profit_std,total_energy_avg,total_energy_std,total_flights_avg,total_flights_std,all_flights_size_avg,all_flights_size_std,deliveries_per_flight_avg,deliveries_per_flight_std,avg_energy_per_flight_avg,avg_energy_per_flight_std,avg_weight_per_flight_avg,avg_weight_per_flight_std,n_prime_avg,n_prime_std
105,50,100,2,10,1,5000,5,0.05,0.5,3,1,33,150,0,1,1.0,0.05,1,120.0,24.7146,4860.21,133.952,10.1515,3.73748,1150.76,4.99062,2.86124,1.21205,544.228,190.65,2.86124,1.21205,13.5208,0.071797
121,100,100,2,10,1,5000,5,0.05,0.5,3,1,33,150,0,1,1.0,0.05,1,152.212,26.1292,4896.79,84.7904,7.72727,2.09165,2797.64,5.6097,3.7251,0.742178,661.584,119.5,3.7251,0.742178,14.9759,0.0431761
137,150,100,2,10,1,5000,5,0.05,0.5,3,1,33,150,0,1,1.0,0.05,1,174.606,17.8605,4889.74,88.9762,8.09091,2.12867,4442.12,7.79022,3.60807,0.774726,633.624,120.212,3.60807,0.774726,15.3786,0.0356152
153,200,100,2,10,1,5000,5,0.05,0.5,3,1,33,150,0,1,1.0,0.05,1,182.788,19.9151,4886.88,94.2128,8.39394,2.7329,6087.03,7.02451,3.58406,0.865429,624.146,143.182,3.58406,0.865429,15.5539,0.0387813
169,250,100,2,10,1,5000,5,0.05,0.5,3,1,33,150,0,1,1.0,0.05,1,192.242,19.9406,4924.32,71.4827,7.78788,1.39194,7734.67,9.42072,3.72527,0.519984,644.982,91.6842,3.72527,0.519984,15.6595,0.0286425
185,300,100,2,10,1,5000,5,0.05,0.5,3,1,33,150,0,1,1.0,0.05,1,207.939,21.4825,4939.45,72.5612,8.15152,1.38067,9379.33,9.37917,3.62991,0.574048,620.692,91.4534,3.62991,0.574048,15.7287,0.0271085
