seed,num_deliveries,max_len_road,max_interval_len,max_profit,max_weight,drone_battery,drone_load,height,distance,algorithm,solution_space,iterations,energy_unit_cost,energy_per_delivery,regularly_spaced,deliveries_starting_point,error,exponent,total_profit_avg,total_profit_std,total_energy_avg,total_energy_std,total_flights_avg,total_flights_std,all_flights_size_avg,all_flights_size_std,deliveries_per_flight_avg,deliveries_per_flight_std,avg_energy_per_flight_avg,avg_energy_per_flight_std,avg_weight_per_flight_avg,avg_weight_per_flight_std,n_prime_avg,n_prime_std
204,50,100,2,10,1,5000,10,0.05,0.5,6,1,33,150,0,1,0.5,0.05,2,91.0,30.7561,4636.83,283.748,9.33333,1.59099,1397.64,6.69655,4.95515,0.968964,507.659,72.4897,4.95515,0.968964,0.0,0.0
220,100,100,2,10,1,5000,10,0.05,0.5,6,1,33,150,0,1,0.5,0.05,2,136.212,25.4629,4942.95,49.8105,10.4545,1.46842,4605.03,12.5162,4.94059,0.920553,480.63,61.7155,4.94059,0.920553,0.0,0.0
236,150,100,2,10,1,5000,10,0.05,0.5,6,1,33,150,0,1,0.5,0.05,2,163.909,36.394,4938.78,43.3516,10.4242,1.39194,7898.88,11.6579,4.96494,0.864867,480.755,57.5572,4.96494,0.864867,0.0,0.0
252,200,100,2,10,1,5000,10,0.05,0.5,6,1,33,150,0,1,0.5,0.05,2,175.091,37.9147,4947.94,43.9649,10.4848,1.06066,11186.5,14.2072,4.93258,0.558155,475.507,41.9369,4.93258,0.558155,0.0,0.0
268,250,100,2,10,1,5000,10,0.05,0.5,6,1,33,150,0,1,0.5,0.05,2,206.212,31.1225,4952.81,40.1377,10.0606,1.06066,14478.1,18.1934,5.27087,0.699552,497.644,53.2637,5.27087,0.699552,0.0,0.0
284,300,100,2,10,1,5000,10,0.05,0.5,6,1,33,150,0,1,0.5,0.05,2,213.606,30.3737,4953.0,39.4924,10.1818,1.27475,17766.4,15.8084,5.24202,0.857494,494.277,66.3494,5.24202,0.857494,0.0,0.0
