seed,num_deliveries,max_len_road,max_interval_len,max_profit,max_weight,drone_battery,drone_load,height,distance,algorithm,solution_space,iterations,energy_unit_cost,energy_per_delivery,regularly_spaced,deliveries_starting_point,error,exponent,total_profit_avg,total_profit_std,total_energy_avg,total_energy_std,total_flights_avg,total_flights_std,all_flights_size_avg,all_flights_size_std,deliveries_per_flight_avg,deliveries_per_flight_std,avg_energy_per_flight_avg,avg_energy_per_flight_std,avg_weight_per_flight_avg,avg_weight_per_flight_std,n_prime_avg,n_prime_std
3,50,100,4,10,1,2500,5,0.05,0.5,2,1,33,150,0,1,1.0,0.05,0,107.061,8.58756,2477.52,16.5834,4.45455,0.810093,723.879,8.60051,3.28485,0.48715,567.779,81.7641,3.28485,0.48715,6.48272,0.0904744
19,100,100,4,10,1,2500,5,0.05,0.5,2,1,33,150,0,1,1.0,0.05,0,116.909,6.52095,2482.18,21.2639,5.0,0.829156,1543.64,9.38916,2.99473,0.523647,508.899,79.0491,2.99473,0.523647,6.66842,0.0472529
35,150,100,4,10,1,2500,5,0.05,0.5,2,1,33,150,0,1,1.0,0.05,0,123.273,6.06874,2484.39,18.9307,4.72727,1.11803,2362.03,9.56393,3.2816,0.621177,542.942,105.114,3.2816,0.621177,6.72436,0.0439112
51,200,100,4,10,1,2500,5,0.05,0.5,2,1,33,150,0,1,1.0,0.05,0,126.545,5.84749,2485.97,16.2874,4.9697,1.27475,3183.27,10.0794,3.15303,0.569074,514.206,91.8992,3.15303,0.569074,6.76804,0.0398112
67,250,100,4,10,1,2500,5,0.05,0.5,2,1,33,150,0,1,1.0,0.05,0,129.424,5.0189,2488.73,8.23207,5.57576,1.0155,4003.91,12.3693,2.8062,0.481262,456.041,68.2193,2.8062,0.481262,6.77277,0.0406486
83,300,100,4,10,1,2500,5,0.05,0.5,2,1,33,150,0,1,1.0,0.05,0,130.97,5.01551,2488.12,8.21111,5.87879,1.31101,4819.58,17.1892,2.63052,0.476626,434.938,75.3748,2.63052,0.476626,6.78517,0.034311
