seed,num_deliveries,max_len_road,max_interval_len,max_profit,max_weight,drone_battery,drone_load,height,distance,algorithm,solution_space,iterations,energy_unit_cost,energy_per_delivery,regularly_spaced,deliveries_starting_point,error,exponent,total_profit_avg,total_profit_std,total_energy_avg,total_energy_std,total_flights_avg,total_flights_std,running_time_avg,running_time_std,all_flights_size_avg,all_flights_size_std
147,10,100,8,10,5,5000,10,0.05,0.5,6,4,33,150,30,0,1,0,0,48.9394,8.57664,4518.41,341.895,5.06061,0.866025,0.0,0.0,48.8485,10.6654
151,20,100,8,10,5,5000,10,0.05,0.5,6,4,33,150,30,0,1,0,0,72.9697,12.581,4728.26,211.663,5.9697,1.32288,0.000121212,0.000331434,198.0,30.3655
155,30,100,8,10,5,5000,10,0.05,0.5,6,4,33,150,30,0,1,0,0,87.1818,9.18373,4766.76,176.152,6.63636,1.23744,0.00133333,0.000816497,530.485,81.7718
159,40,100,8,10,5,5000,10,0.05,0.5,6,4,33,150,30,0,1,0,0,106.061,13.1528,4815.43,146.554,7.24242,1.06066,0.00418182,0.00157032,1023.76,120.12
