seed,num_deliveries,max_len_road,max_interval_len,max_profit,max_weight,drone_battery,drone_load,height,distance,algorithm,solution_space,iterations,energy_unit_cost,energy_per_delivery,regularly_spaced,deliveries_starting_point,error,exponent,total_profit_avg,total_profit_std,total_energy_avg,total_energy_std,total_flights_avg,total_flights_std,all_flights_size_avg,all_flights_size_std,deliveries_per_flight_avg,deliveries_per_flight_std,avg_energy_per_flight_avg,avg_energy_per_flight_std,avg_weight_per_flight_avg,avg_weight_per_flight_std,n_prime_avg,n_prime_std
103,50,100,4,10,1,2500,10,0.05,0.5,6,1,33,150,0,1,1.0,0.05,1,77.8182,20.7507,2417.99,62.2307,4.39394,1.18585,726.97,7.68521,3.44163,0.946469,585.634,148.422,3.44163,0.946469,0.0,0.0
119,100,100,4,10,1,2500,10,0.05,0.5,6,1,33,150,0,1,1.0,0.05,1,105.545,16.7352,2444.5,45.0047,4.18182,1.0,1542.79,11.2694,3.79293,1.18173,622.64,176.384,3.79293,1.18173,0.0,0.0
135,150,100,4,10,1,2500,10,0.05,0.5,6,1,33,150,0,1,1.0,0.05,1,111.242,10.7646,2445.85,43.7707,4.09091,0.847791,2362.76,13.03,3.83939,0.832435,622.306,125.989,3.83939,0.832435,0.0,0.0
151,200,100,4,10,1,2500,10,0.05,0.5,6,1,33,150,0,1,1.0,0.05,1,111.788,11.9863,2430.37,51.8115,4.39394,1.10397,3182.7,15.7886,3.57753,0.969627,582.718,146.363,3.57753,0.969627,0.0,0.0
167,250,100,4,10,1,2500,10,0.05,0.5,6,1,33,150,0,1,1.0,0.05,1,117.697,11.3729,2433.39,46.4348,4.33333,0.984251,3999.48,11.1524,3.63535,0.817631,587.165,128.34,3.63535,0.817631,0.0,0.0
183,300,100,4,10,1,2500,10,0.05,0.5,6,1,33,150,0,1,1.0,0.05,1,122.576,8.5988,2426.34,48.5361,4.18182,0.935414,4821.91,14.1885,3.80758,0.860667,606.852,129.4,3.80758,0.860667,0.0,0.0
