num_deliveries,opt_opts_ratio_avg
10,3.198540473648452
20,2.9847307641095586
30,2.3505437195650245
40,2.0659607843137255
