seed,num_deliveries,max_len_road,max_interval_len,max_profit,max_weight,drone_battery,drone_load,height,distance,algorithm,solution_space,iterations,energy_unit_cost,energy_per_delivery,regularly_spaced,deliveries_starting_point,error,exponent,total_profit_avg,total_profit_std,total_energy_avg,total_energy_std,total_flights_avg,total_flights_std,all_flights_size_avg,all_flights_size_std,deliveries_per_flight_avg,deliveries_per_flight_std,avg_energy_per_flight_avg,avg_energy_per_flight_std,avg_weight_per_flight_avg,avg_weight_per_flight_std,n_prime_avg,n_prime_std
199,50,100,4,10,1,2500,10,0.05,0.5,6,1,33,150,0,1,1.0,0.05,2,44.2727,16.8806,2416.87,72.4355,4.18182,1.11803,725.879,8.54217,3.66263,1.27441,620.572,177.452,3.66263,1.27441,0.0,0.0
215,100,100,4,10,1,2500,10,0.05,0.5,6,1,33,150,0,1,1.0,0.05,2,55.8788,17.6454,2424.24,57.1443,4.51515,1.0155,1543.12,7.97653,3.28838,0.828879,559.262,122.706,3.28838,0.828879,0.0,0.0
231,150,100,4,10,1,2500,10,0.05,0.5,6,1,33,150,0,1,1.0,0.05,2,67.0303,17.9783,2429.32,49.2534,4.24242,1.06066,2363.67,10.9915,3.60404,1.1708,615.543,196.103,3.60404,1.1708,0.0,0.0
247,200,100,4,10,1,2500,10,0.05,0.5,6,1,33,150,0,1,1.0,0.05,2,72.2727,15.7287,2444.77,47.9477,4.48485,1.11803,3185.85,12.278,3.35505,0.861256,574.438,138.467,3.35505,0.861256,0.0,0.0
263,250,100,4,10,1,2500,10,0.05,0.5,6,1,33,150,0,1,1.0,0.05,2,78.0303,13.7806,2439.17,50.6192,4.48485,1.11803,4003.06,12.3314,3.36443,0.872985,570.746,129.286,3.36443,0.872985,0.0,0.0
279,300,100,4,10,1,2500,10,0.05,0.5,6,1,33,150,0,1,1.0,0.05,2,81.6061,16.677,2444.06,45.4836,4.66667,1.14564,4824.09,13.9721,3.25354,0.757403,544.543,112.3,3.25354,0.757403,0.0,0.0
