num_deliveries,opt_opts_ratio_avg
10,2.8827230621340556
20,3.0712818530300843
30,2.6025099069203126
