num_deliveries,opt_opts_ratio_avg
10,1.9877729453436757
20,2.1014018959057066
30,1.9757665638781023
40,1.7238829555686743
