seed,num_deliveries,max_len_road,max_interval_len,max_profit,max_weight,drone_battery,drone_load,height,distance,algorithm,solution_space,iterations,energy_unit_cost,energy_per_delivery,regularly_spaced,deliveries_starting_point,error,exponent,total_profit_avg,total_profit_std,total_energy_avg,total_energy_std,total_flights_avg,total_flights_std,all_flights_size_avg,all_flights_size_std,deliveries_per_flight_avg,deliveries_per_flight_std,avg_energy_per_flight_avg,avg_energy_per_flight_std,avg_weight_per_flight_avg,avg_weight_per_flight_std
80,10,100,2,10,5,2500,5,0.05,0.5,0,1,5,150,0,1,0.5,0,0,49.2,11.1893,1899.12,401.134,4.2,0.866025,43.0,14.3701,1.95,0.180278,455.074,57.4735,3.78,0.629087
96,20,100,2,10,5,2500,5,0.05,0.5,0,1,5,150,0,1,0.5,0,0,81.0,19.2743,2374.2,140.433,6.8,1.73205,118.6,18.2414,1.71714,0.105064,359.429,59.7374,4.0346,0.478345
112,30,100,2,10,5,2500,5,0.05,0.5,0,1,5,150,0,1,0.5,0,0,108.0,13.0958,2476.41,23.7727,8.4,1.0,259.6,88.7849,1.84365,0.253466,297.797,35.1616,4.21905,0.25727
128,40,100,2,10,5,2500,5,0.05,0.5,0,1,5,150,0,1,0.5,0,0,117.2,10.2567,2485.91,11.0479,7.6,1.11803,433.4,53.0707,2.12063,0.226323,330.365,34.7888,4.04405,0.274185
144,50,100,2,10,5,2500,5,0.05,0.5,0,1,5,150,0,1,0.5,0,0,121.6,6.1887,2473.69,25.2759,8.0,0.707107,592.0,94.3027,2.11071,0.205706,311.308,29.956,4.50675,0.178117
