seed,num_deliveries,max_len_road,max_interval_len,max_profit,max_weight,drone_battery,drone_load,height,distance,algorithm,solution_space,iterations,energy_unit_cost,energy_per_delivery,regularly_spaced,deliveries_starting_point,error,exponent,total_profit_avg,total_profit_std,total_energy_avg,total_energy_std,total_flights_avg,total_flights_std,all_flights_size_avg,all_flights_size_std,deliveries_per_flight_avg,deliveries_per_flight_std,avg_energy_per_flight_avg,avg_energy_per_flight_std,avg_weight_per_flight_avg,avg_weight_per_flight_std,n_prime_avg,n_prime_std
6,50,100,4,10,1,2500,10,0.05,0.5,6,1,33,150,0,1,0.5,0.05,0,164.697,10.953,2411.1,68.4496,4.0303,0.770552,1269.58,20.6965,6.51667,1.35612,617.061,105.356,6.51667,1.35612,0.0,0.0
22,100,100,4,10,1,2500,10,0.05,0.5,6,1,33,150,0,1,0.5,0.05,0,185.121,11.2465,2433.65,45.4524,4.21212,0.586302,2903.27,17.3358,6.36364,0.98673,586.825,74.0312,6.36364,0.98673,0.0,0.0
38,150,100,4,10,1,2500,10,0.05,0.5,6,1,33,150,0,1,0.5,0.05,0,196.939,12.3211,2428.16,55.7742,4.27273,0.770552,4536.61,19.6182,6.34697,1.19916,583.473,94.9228,6.34697,1.19916,0.0,0.0
54,200,100,4,10,1,2500,10,0.05,0.5,6,1,33,150,0,1,0.5,0.05,0,203.515,11.9925,2440.03,51.0754,4.21212,0.684653,6176.97,21.0119,6.54848,1.15784,593.332,96.7469,6.54848,1.15784,0.0,0.0
70,250,100,4,10,1,2500,10,0.05,0.5,6,1,33,150,0,1,0.5,0.05,0,203.212,10.5349,2446.63,44.7021,4.48485,0.901388,7807.67,26.3711,6.04004,0.99147,558.388,81.3016,6.04004,0.99147,0.0,0.0
86,300,100,4,10,1,2500,10,0.05,0.5,6,1,33,150,0,1,0.5,0.05,0,204.091,6.8846,2449.21,42.6827,4.63636,1.0155,9450.7,21.2125,5.86378,0.948968,540.63,76.8223,5.86378,0.948968,0.0,0.0
