seed,num_deliveries,max_len_road,max_interval_len,max_profit,max_weight,drone_battery,drone_load,height,distance,algorithm,solution_space,iterations,energy_unit_cost,energy_per_delivery,regularly_spaced,deliveries_starting_point,error,exponent,total_profit_avg,total_profit_std,total_energy_avg,total_energy_std,total_flights_avg,total_flights_std,running_time_avg,running_time_std,all_flights_size_avg,all_flights_size_std
98,10,100,8,10,1,5000,5,0.05,0.5,2,4,33,150,30,0,1,0,0,46.0606,7.83797,4776.79,210.461,4.48485,1.0,0.0187273,0.00538675,52.4848,13.2335
102,20,100,8,10,1,5000,5,0.05,0.5,2,4,33,150,30,0,1,0,0,72.0,10.6243,4887.85,83.4371,5.09091,0.918559,0.0956364,0.0183368,284.455,38.4687
106,30,100,8,10,1,5000,5,0.05,0.5,2,4,33,150,30,0,1,0,0,96.7576,14.9834,4931.27,55.3558,5.54545,1.25,0.233212,0.0274121,682.455,59.7168
110,40,100,8,10,1,5000,5,0.05,0.5,2,4,33,150,30,0,1,0,0,114.333,15.0928,4956.36,48.007,5.87879,1.31101,0.438576,0.0418024,1288.36,82.5447
162,50,100,8,10,1,5000,5,0.05,0.5,2,4,33,150,30,0,1,0,0,125.606,12.9324,4948.58,47.6491,6.15152,1.04583,0.765788,0.0976194,2115.45,142.848
166,60,100,8,10,1,5000,5,0.05,0.5,2,4,33,150,30,0,1,0,0,144.667,14.4475,4966.27,37.0922,6.30303,1.06066,1.12188,0.127855,3071.12,129.519
266,70,100,8,10,1,5000,5,0.05,0.5,2,4,33,150,30,0,1,0,0,152.182,16.0594,4967.0,36.1758,6.63636,1.18585,1.58906,0.176418,4295.12,224.954
270,80,100,8,10,1,5000,5,0.05,0.5,2,4,33,150,30,0,1,0,0,163.091,16.5687,4960.67,47.5425,6.63636,1.10397,2.17676,0.204149,5723.24,264.132
274,90,100,8,10,1,5000,5,0.05,0.5,2,4,33,150,30,0,1,0,0,174.758,13.0911,4976.7,26.0102,6.78788,1.32288,2.81552,0.246424,7237.52,283.53
