seed,num_deliveries,max_len_road,max_interval_len,max_profit,max_weight,drone_battery,drone_load,height,distance,algorithm,solution_space,iterations,energy_unit_cost,energy_per_delivery,regularly_spaced,deliveries_starting_point,error,exponent,total_profit_avg,total_profit_std,total_energy_avg,total_energy_std,total_flights_avg,total_flights_std,all_flights_size_avg,all_flights_size_std,deliveries_per_flight_avg,deliveries_per_flight_std,avg_energy_per_flight_avg,avg_energy_per_flight_std,avg_weight_per_flight_avg,avg_weight_per_flight_std,n_prime_avg,n_prime_std
141,10,100,2,10,1,5000,10,0.05,0.5,8,1,33,150,0,1,1.0,0.0,0,34.1515,6.70411,1372.07,188.903,4.90909,1.25,10.0,0.0,1.0,0.0,282.304,29.0253,1.0,0.0,1.0,0.0
157,20,100,2,10,1,5000,10,0.05,0.5,8,1,33,150,0,1,1.0,0.0,0,64.697,9.57041,2697.25,227.329,9.72727,1.27475,20.0,0.0,1.0,0.0,278.376,17.4045,1.0,0.0,1.0,0.0
173,30,100,2,10,1,5000,10,0.05,0.5,8,1,33,150,0,1,1.0,0.0,0,98.6667,10.9335,3881.16,388.383,14.0,1.5,30.0,0.0,1.0,0.0,277.821,16.4438,1.0,0.0,1.0,0.0
189,40,100,2,10,1,5000,10,0.05,0.5,8,1,33,150,0,1,1.0,0.0,0,125.667,10.9848,4854.72,107.09,17.8788,1.33463,40.0,0.0,1.0,0.0,272.122,11.6679,1.0,0.0,1.0,0.0
205,50,100,2,10,1,5000,10,0.05,0.5,8,1,33,150,0,1,1.0,0.0,0,141.364,7.28362,4965.6,27.6188,18.0909,0.810093,50.0,0.0,1.0,0.0,274.98,11.679,1.0,0.0,1.0,0.0
221,60,100,2,10,1,5000,10,0.05,0.5,8,1,33,150,0,1,1.0,0.0,0,152.303,7.26501,4974.17,23.0794,18.9091,1.45774,60.0,0.0,1.0,0.0,263.947,15.4748,1.0,0.0,1.0,0.0
237,70,100,2,10,1,5000,10,0.05,0.5,8,1,33,150,0,1,1.0,0.0,0,163.394,11.1073,4979.65,11.6132,19.4242,1.19896,70.0,0.0,1.0,0.0,257.181,14.7127,1.0,0.0,1.0,0.0
253,80,100,2,10,1,5000,10,0.05,0.5,8,1,33,150,0,1,1.0,0.0,0,168.152,9.17238,4982.68,14.6682,19.7576,1.23744,80.0,0.0,1.0,0.0,252.774,12.3184,1.0,0.0,1.0,0.0
