seed,num_deliveries,max_len_road,max_interval_len,max_profit,max_weight,drone_battery,drone_load,height,distance,algorithm,solution_space,iterations,energy_unit_cost,energy_per_delivery,regularly_spaced,deliveries_starting_point,error,exponent,total_profit_avg,total_profit_std,total_energy_avg,total_energy_std,total_flights_avg,total_flights_std,all_flights_size_avg,all_flights_size_std,deliveries_per_flight_avg,deliveries_per_flight_std,avg_energy_per_flight_avg,avg_energy_per_flight_std,avg_weight_per_flight_avg,avg_weight_per_flight_std,n_prime_avg,n_prime_std
107,50,100,4,10,1,5000,5,0.05,0.5,3,1,33,150,0,1,1.0,0.05,1,99.9394,21.6534,4764.06,237.113,6.54545,2.34521,1195.79,9.0967,3.52126,1.2068,803.675,232.37,3.52126,1.2068,12.509,0.125039
123,100,100,4,10,1,5000,5,0.05,0.5,3,1,33,150,0,1,1.0,0.05,1,124.545,22.0384,4856.44,118.083,6.15152,1.82859,2848.06,11.2027,3.97858,0.886465,838.585,181.118,3.97858,0.886465,13.8669,0.0749935
139,150,100,4,10,1,5000,5,0.05,0.5,3,1,33,150,0,1,1.0,0.05,1,150.212,21.1184,4881.25,103.469,6.84848,2.30489,4499.82,13.2936,3.75973,0.932989,764.282,177.073,3.75973,0.932989,14.2084,0.052742
155,200,100,4,10,1,5000,5,0.05,0.5,3,1,33,150,0,1,1.0,0.05,1,158.697,20.6511,4911.47,99.6798,7.09091,2.06912,6154.18,11.9295,3.657,0.912087,742.586,185.446,3.657,0.912087,14.3775,0.0408341
171,250,100,4,10,1,5000,5,0.05,0.5,3,1,33,150,0,1,1.0,0.05,1,165.97,15.2407,4872.14,139.008,7.0303,2.21501,7800.27,12.6849,3.79528,0.812288,737.993,154.653,3.79528,0.812288,14.483,0.053134
187,300,100,4,10,1,5000,5,0.05,0.5,3,1,33,150,0,1,1.0,0.05,1,172.394,16.9705,4885.3,79.8253,7.06061,2.20794,9456.0,16.9595,3.8717,0.910645,740.141,166.36,3.8717,0.910645,14.5581,0.0464458
