num_deliveries,opt_opts_ratio_avg
10,2.791888214586528
20,2.4142123415130388
30,1.9813724794931802
40,1.650882245955503
