seed,num_deliveries,max_len_road,max_interval_len,max_profit,max_weight,drone_battery,drone_load,height,distance,algorithm,solution_space,iterations,energy_unit_cost,energy_per_delivery,regularly_spaced,deliveries_starting_point,error,exponent,total_profit_avg,total_profit_std,total_energy_avg,total_energy_std,total_flights_avg,total_flights_std,all_flights_size_avg,all_flights_size_std,deliveries_per_flight_avg,deliveries_per_flight_std,avg_energy_per_flight_avg,avg_energy_per_flight_std,avg_weight_per_flight_avg,avg_weight_per_flight_std,n_prime_avg,n_prime_std
102,50,100,4,10,1,2500,10,0.05,0.5,2,1,33,150,0,1,0.5,0.05,1,133.394,30.0437,2470.7,24.0656,3.21212,0.467707,1267.61,21.8832,8.36869,1.06332,779.725,84.4948,8.36869,1.06332,11.0171,0.200062
118,100,100,4,10,1,2500,10,0.05,0.5,2,1,33,150,0,1,0.5,0.05,1,165.242,26.6412,2476.33,21.8427,3.51515,0.728869,2899.48,13.6862,7.81313,1.35689,719.053,104.324,7.81313,1.35689,11.9846,0.135073
134,150,100,4,10,1,2500,10,0.05,0.5,2,1,33,150,0,1,0.5,0.05,1,181.697,24.2029,2480.94,12.9324,3.66667,0.866025,4536.21,16.2009,7.65758,1.22242,691.609,105.743,7.65758,1.22242,12.2448,0.0832576
150,200,100,4,10,1,2500,10,0.05,0.5,2,1,33,150,0,1,0.5,0.05,1,190.152,20.0719,2482.18,15.2202,3.63636,0.847791,6171.7,25.5386,7.65253,1.25305,698.226,107.707,7.65253,1.25305,12.3483,0.090627
166,250,100,4,10,1,2500,10,0.05,0.5,2,1,33,150,0,1,0.5,0.05,1,194.848,19.015,2486.12,11.9837,3.84848,1.08972,7810.97,24.3362,7.27626,1.41304,665.402,117.324,7.27626,1.41304,12.436,0.0696968
182,300,100,4,10,1,2500,10,0.05,0.5,2,1,33,150,0,1,0.5,0.05,1,196.182,15.834,2487.27,12.6621,3.9697,1.1726,9451.97,26.884,7.05707,1.28312,643.006,107.51,7.05707,1.28312,12.4635,0.0640979
