seed,num_deliveries,max_len_road,max_interval_len,max_profit,max_weight,drone_battery,drone_load,height,distance,algorithm,solution_space,iterations,energy_unit_cost,energy_per_delivery,regularly_spaced,deliveries_starting_point,error,exponent,total_profit_avg,total_profit_std,total_energy_avg,total_energy_std,total_flights_avg,total_flights_std,running_time_avg,running_time_std,all_flights_size_avg,all_flights_size_std
97,10,100,8,10,1,2500,10,0.05,0.5,3,4,33,150,30,0,1,0,0,24.6364,5.75444,2134.93,208.772,2.12121,0.707107,0.0,0.0,26.4242,6.65207
101,20,100,8,10,1,2500,10,0.05,0.5,3,4,33,150,30,0,1,0,0,39.2727,7.36662,2217.01,273.086,2.36364,1.14564,0.0,0.0,108.394,25.1328
105,30,100,8,10,1,2500,10,0.05,0.5,3,4,33,150,30,0,1,0,0,43.1515,5.88494,2347.72,152.129,2.24242,1.27475,0.000151515,0.000441674,260.576,35.0558
109,40,100,8,10,1,2500,10,0.05,0.5,3,4,33,150,30,0,1,0,0,53.0909,6.98375,2389.29,97.3797,1.90909,1.62019,0.000939394,0.000609272,497.333,72.6079
161,50,100,8,10,1,2500,10,0.05,0.5,3,4,33,150,30,0,1,0,0,58.0606,9.09993,2378.44,110.176,2.21212,1.26244,0.00175758,0.000969223,811.333,89.0672
165,60,100,8,10,1,2500,10,0.05,0.5,3,4,33,150,30,0,1,0,0,68.7879,6.30851,2357.17,130.217,1.48485,1.08972,0.00421212,0.00183299,1353.97,158.776
265,70,100,8,10,1,2500,10,0.05,0.5,3,4,33,150,30,0,1,0,0,72.0,7.48331,2330.47,161.168,1.66667,1.1726,0.00742424,0.00233225,1968.24,223.717
269,80,100,8,10,1,2500,10,0.05,0.5,3,4,33,150,30,0,1,0,0,76.6667,7.73655,2377.65,99.1651,1.93939,1.57123,0.0124545,0.00323159,2662.27,259.511
273,90,100,8,10,1,2500,10,0.05,0.5,3,4,33,150,30,0,1,0,0,80.7576,6.66629,2363.71,109.991,1.87879,1.42522,0.0216667,0.00551513,3595.79,272.352
