num_deliveries,opt_opts_ratio_avg
10,1.7507174432073376
20,1.3290937722138851
30,1.2227694019787825
40,1.2012299837121234
