seed,num_deliveries,max_len_road,max_interval_len,max_profit,max_weight,drone_battery,drone_load,height,distance,algorithm,solution_space,iterations,energy_unit_cost,energy_per_delivery,regularly_spaced,deliveries_starting_point,error,exponent,total_profit_avg,total_profit_std,total_energy_avg,total_energy_std,total_flights_avg,total_flights_std,all_flights_size_avg,all_flights_size_std,deliveries_per_flight_avg,deliveries_per_flight_std,avg_energy_per_flight_avg,avg_energy_per_flight_std,avg_weight_per_flight_avg,avg_weight_per_flight_std,n_prime_avg,n_prime_std
199,50,100,4,10,1,2500,10,0.05,0.5,2,1,33,150,0,1,1.0,0.05,2,47.8788,18.1448,2469.55,34.8336,2.36364,0.661438,725.879,8.54217,6.72475,1.32394,1091.39,209.151,6.72475,1.32394,6.45859,0.0840674
215,100,100,4,10,1,2500,10,0.05,0.5,2,1,33,150,0,1,1.0,0.05,2,60.1515,19.1035,2462.73,34.4848,2.69697,0.883883,1543.12,7.97653,5.81061,1.36347,951.487,204.649,5.81061,1.36347,6.6788,0.0578355
231,150,100,4,10,1,2500,10,0.05,0.5,2,1,33,150,0,1,1.0,0.05,2,72.3636,18.8096,2475.73,20.6991,2.57576,0.847791,2363.67,10.9915,6.16162,1.35544,1012.84,227.26,6.16162,1.35544,6.74297,0.0439032
247,200,100,4,10,1,2500,10,0.05,0.5,2,1,33,150,0,1,1.0,0.05,2,76.4545,16.3422,2462.88,31.9607,2.81818,1.04583,3185.85,12.278,5.57576,1.31685,920.136,217.763,5.57576,1.31685,6.75305,0.0479053
263,250,100,4,10,1,2500,10,0.05,0.5,2,1,33,150,0,1,1.0,0.05,2,83.2424,15.0417,2476.27,24.1056,2.93939,1.1592,4003.06,12.3314,5.42424,1.44883,888.27,217.342,5.42424,1.44883,6.7867,0.0376581
279,300,100,4,10,1,2500,10,0.05,0.5,2,1,33,150,0,1,1.0,0.05,2,86.6667,18.2117,2474.15,23.2623,3.09091,0.637377,4824.09,13.9721,5.12626,1.11922,836.859,190.464,5.12626,1.11922,6.78745,0.0399901
