seed,num_deliveries,max_len_road,max_interval_len,max_profit,max_weight,drone_battery,drone_load,height,distance,algorithm,solution_space,iterations,energy_unit_cost,energy_per_delivery,regularly_spaced,deliveries_starting_point,error,exponent,total_profit_avg,total_profit_std,total_energy_avg,total_energy_std,total_flights_avg,total_flights_std,all_flights_size_avg,all_flights_size_std,deliveries_per_flight_avg,deliveries_per_flight_std,avg_energy_per_flight_avg,avg_energy_per_flight_std,avg_weight_per_flight_avg,avg_weight_per_flight_std,n_prime_avg,n_prime_std
96,50,100,2,10,1,2500,5,0.05,0.5,6,1,33,150,0,1,0.5,0.05,1,114.515,19.7296,2431.98,51.5213,6.18182,0.707107,1186.33,8.25189,3.82857,0.545646,398.038,44.7615,3.82857,0.545646,0.0,0.0
112,100,100,2,10,1,2500,5,0.05,0.5,6,1,33,150,0,1,0.5,0.05,1,146.97,21.2772,2438.7,47.9642,6.15152,0.586302,2806.94,7.49792,3.92742,0.427936,399.461,34.6038,3.92742,0.427936,0.0,0.0
128,150,100,2,10,1,2500,5,0.05,0.5,6,1,33,150,0,1,0.5,0.05,1,172.121,19.6115,2451.63,42.5666,5.93939,1.04583,4431.94,12.2666,4.13391,0.346704,414.799,29.6763,4.13391,0.346704,0.0,0.0
144,200,100,2,10,1,2500,5,0.05,0.5,6,1,33,150,0,1,0.5,0.05,1,175.091,19.0827,2451.6,37.1074,6.0303,0.306186,6057.48,13.75,4.08629,0.24706,407.495,20.6905,4.08629,0.24706,0.0,0.0
160,250,100,2,10,1,2500,5,0.05,0.5,6,1,33,150,0,1,0.5,0.05,1,179.667,16.4177,2446.42,45.5329,5.87879,0.951972,7675.03,15.4808,4.2202,0.289389,417.461,25.2284,4.2202,0.289389,0.0,0.0
176,300,100,2,10,1,2500,5,0.05,0.5,6,1,33,150,0,1,0.5,0.05,1,191.697,14.3538,2457.11,34.0024,5.93939,1.0155,9308.97,14.446,4.19206,0.276179,414.982,22.9972,4.19206,0.276179,0.0,0.0
