seed,num_deliveries,max_len_road,max_interval_len,max_profit,max_weight,drone_battery,drone_load,height,distance,algorithm,solution_space,iterations,energy_unit_cost,energy_per_delivery,regularly_spaced,deliveries_starting_point,error,exponent,total_profit_avg,total_profit_std,total_energy_avg,total_energy_std,total_flights_avg,total_flights_std,all_flights_size_avg,all_flights_size_std,deliveries_per_flight_avg,deliveries_per_flight_std,avg_energy_per_flight_avg,avg_energy_per_flight_std,avg_weight_per_flight_avg,avg_weight_per_flight_std,n_prime_avg,n_prime_std
102,50,100,4,10,1,2500,10,0.05,0.5,6,1,33,150,0,1,0.5,0.05,1,120.061,26.9095,2418.37,64.6282,4.54545,1.08972,1267.61,21.8832,5.65887,1.40124,553.192,110.482,5.65887,1.40124,0.0,0.0
118,100,100,4,10,1,2500,10,0.05,0.5,6,1,33,150,0,1,0.5,0.05,1,158.061,26.6504,2437.73,46.5884,4.45455,0.728869,2899.48,13.6862,5.77525,0.865575,554.973,63.9993,5.77525,0.865575,0.0,0.0
134,150,100,4,10,1,2500,10,0.05,0.5,6,1,33,150,0,1,0.5,0.05,1,175.485,25.0451,2444.77,49.4723,4.39394,0.770552,4536.21,16.2009,6.09848,1.12848,570.066,96.0396,6.09848,1.12848,0.0,0.0
150,200,100,4,10,1,2500,10,0.05,0.5,6,1,33,150,0,1,0.5,0.05,1,183.242,19.0165,2440.16,56.7285,4.30303,0.612372,6171.7,25.5386,6.17778,0.834194,574.79,66.5595,6.17778,0.834194,0.0,0.0
166,250,100,4,10,1,2500,10,0.05,0.5,6,1,33,150,0,1,0.5,0.05,1,189.364,17.7074,2452.89,42.6534,4.42424,0.829156,7810.97,24.3362,6.1202,1.32139,569.726,101.396,6.1202,1.32139,0.0,0.0
182,300,100,4,10,1,2500,10,0.05,0.5,6,1,33,150,0,1,0.5,0.05,1,190.97,16.3238,2447.42,39.2973,4.57576,0.883883,9451.97,26.884,5.87172,1.01959,545.996,81.6943,5.87172,1.01959,0.0,0.0
