seed,num_deliveries,max_len_road,max_interval_len,max_profit,max_weight,drone_battery,drone_load,height,distance,algorithm,solution_space,iterations,energy_unit_cost,energy_per_delivery,regularly_spaced,deliveries_starting_point,error,exponent,total_profit_avg,total_profit_std,total_energy_avg,total_energy_std,total_flights_avg,total_flights_std,all_flights_size_avg,all_flights_size_std,deliveries_per_flight_avg,deliveries_per_flight_std,avg_energy_per_flight_avg,avg_energy_per_flight_std,avg_weight_per_flight_avg,avg_weight_per_flight_std,n_prime_avg,n_prime_std
2,50,100,4,10,1,2500,5,0.05,0.5,2,1,33,150,0,1,0.5,0.05,0,151.364,11.7628,2477.82,19.2199,5.18182,0.661438,1266.82,18.8124,4.25909,0.441413,485.359,61.1227,4.25909,0.441413,11.0739,0.17299
18,100,100,4,10,1,2500,5,0.05,0.5,2,1,33,150,0,1,0.5,0.05,0,171.394,10.1795,2483.45,13.4283,5.51515,0.728869,2904.21,17.1109,4.26263,0.409841,453.976,41.3013,4.26263,0.409841,11.9803,0.0996933
34,150,100,4,10,1,2500,5,0.05,0.5,2,1,33,150,0,1,0.5,0.05,0,181.152,10.1554,2486.76,11.8902,5.69697,0.918559,4534.24,22.7184,4.22395,0.436771,440.945,44.756,4.22395,0.436771,12.2331,0.103633
50,200,100,4,10,1,2500,5,0.05,0.5,2,1,33,150,0,1,0.5,0.05,0,189.333,9.50548,2491.58,7.16341,5.81818,1.04583,6178.36,19.8888,4.16782,0.489591,433.223,47.435,4.16782,0.489591,12.3443,0.0773172
66,250,100,4,10,1,2500,5,0.05,0.5,2,1,33,150,0,1,0.5,0.05,0,190.818,8.37203,2490.36,9.07888,5.90909,1.19896,7813.7,23.7283,4.12554,0.524678,428.328,55.1505,4.12554,0.524678,12.428,0.0693311
82,300,100,4,10,1,2500,5,0.05,0.5,2,1,33,150,0,1,0.5,0.05,0,194.303,8.1872,2490.52,9.98161,5.87879,1.04583,9445.58,22.325,4.21905,0.406116,427.266,40.6257,4.21905,0.406116,12.4771,0.0747127
