seed,num_deliveries,max_len_road,max_interval_len,max_profit,max_weight,drone_battery,drone_load,height,distance,algorithm,solution_space,iterations,energy_unit_cost,energy_per_delivery,regularly_spaced,deliveries_starting_point,error,exponent,total_profit_avg,total_profit_std,total_energy_avg,total_energy_std,total_flights_avg,total_flights_std,all_flights_size_avg,all_flights_size_std,deliveries_per_flight_avg,deliveries_per_flight_std,avg_energy_per_flight_avg,avg_energy_per_flight_std,avg_weight_per_flight_avg,avg_weight_per_flight_std,n_prime_avg,n_prime_std
198,50,100,4,10,1,2500,10,0.05,0.5,6,1,33,150,0,1,0.5,0.05,2,64.7576,17.5036,2425.97,60.3859,4.24242,0.790569,1267.03,16.7547,6.22879,1.48691,589.934,108.887,6.22879,1.48691,0.0,0.0
214,100,100,4,10,1,2500,10,0.05,0.5,6,1,33,150,0,1,0.5,0.05,2,86.7879,27.4622,2431.8,44.2511,4.54545,0.901388,2904.91,22.174,5.62915,0.944527,545.837,73.3988,5.62915,0.944527,0.0,0.0
230,150,100,4,10,1,2500,10,0.05,0.5,6,1,33,150,0,1,0.5,0.05,2,98.8788,23.4637,2438.1,51.5886,4.63636,0.984251,4542.39,21.6037,5.5596,1.09948,539.018,87.7191,5.5596,1.09948,0.0,0.0
246,200,100,4,10,1,2500,10,0.05,0.5,6,1,33,150,0,1,0.5,0.05,2,117.0,19.484,2432.63,51.2047,4.66667,1.0,6172.61,23.6273,5.48384,0.956887,533.968,85.5032,5.48384,0.956887,0.0,0.0
262,250,100,4,10,1,2500,10,0.05,0.5,6,1,33,150,0,1,0.5,0.05,2,116.0,20.0904,2446.67,37.1462,4.54545,0.790569,7813.45,26.7295,5.57323,0.826765,546.113,66.0905,5.57323,0.826765,0.0,0.0
278,300,100,4,10,1,2500,10,0.05,0.5,6,1,33,150,0,1,0.5,0.05,2,125.455,21.6883,2452.69,47.2602,4.63636,0.918559,9447.33,23.8255,5.51515,0.914689,538.713,72.442,5.51515,0.914689,0.0,0.0
