seed,num_deliveries,max_len_road,max_interval_len,max_profit,max_weight,drone_battery,drone_load,height,distance,algorithm,solution_space,iterations,energy_unit_cost,energy_per_delivery,regularly_spaced,deliveries_starting_point,error,exponent,total_profit_avg,total_profit_std,total_energy_avg,total_energy_std,total_flights_avg,total_flights_std,all_flights_size_avg,all_flights_size_std,deliveries_per_flight_avg,deliveries_per_flight_std,avg_energy_per_flight_avg,avg_energy_per_flight_std,avg_weight_per_flight_avg,avg_weight_per_flight_std,n_prime_avg,n_prime_std
194,50,100,4,10,1,2500,5,0.05,0.5,3,1,33,150,0,1,0.5,0.05,2,40.9697,13.0324,2300.53,157.471,4.24242,1.25,1260.73,19.0902,4.08211,1.05636,581.567,148.813,4.08211,1.05636,11.0223,0.184251
210,100,100,4,10,1,2500,5,0.05,0.5,3,1,33,150,0,1,0.5,0.05,2,55.697,14.6916,2331.52,128.524,4.18182,1.11803,2906.24,19.6548,4.10801,0.831029,590.579,136.24,4.10801,0.831029,11.9725,0.12295
226,150,100,4,10,1,2500,5,0.05,0.5,3,1,33,150,0,1,0.5,0.05,2,64.9697,13.8304,2345.29,112.648,4.51515,1.31101,4537.03,25.4171,4.12172,0.784362,553.059,136.314,4.12172,0.784362,12.2537,0.0894293
242,200,100,4,10,1,2500,5,0.05,0.5,3,1,33,150,0,1,0.5,0.05,2,70.8485,15.9846,2361.23,115.278,4.30303,1.34629,6170.97,20.7395,4.26245,0.83833,588.07,140.04,4.26245,0.83833,12.3642,0.0766208
258,250,100,4,10,1,2500,5,0.05,0.5,3,1,33,150,0,1,0.5,0.05,2,78.5455,18.4291,2375.87,96.3396,4.78788,1.43614,7814.06,27.2454,4.06035,0.797149,522.476,117.19,4.06035,0.797149,12.4452,0.0664969
274,300,100,4,10,1,2500,5,0.05,0.5,3,1,33,150,0,1,0.5,0.05,2,86.1515,15.2584,2402.97,94.7347,4.60606,1.22474,9440.03,21.8768,4.22998,0.634018,544.562,109.886,4.22998,0.634018,12.48,0.0583089
