seed,num_deliveries,max_len_road,max_interval_len,max_profit,max_weight,drone_battery,drone_load,height,distance,algorithm,solution_space,iterations,energy_unit_cost,energy_per_delivery,regularly_spaced,deliveries_starting_point,error,exponent,total_profit_avg,total_profit_std,total_energy_avg,total_energy_std,total_flights_avg,total_flights_std,all_flights_size_avg,all_flights_size_std,deliveries_per_flight_avg,deliveries_per_flight_std,avg_energy_per_flight_avg,avg_energy_per_flight_std,avg_weight_per_flight_avg,avg_weight_per_flight_std,n_prime_avg,n_prime_std
106,50,100,4,10,1,5000,5,0.05,0.5,3,1,33,150,0,1,0.5,0.05,1,95.0606,24.331,4564.45,529.574,8.60606,2.61008,1534.42,15.0104,2.7595,1.09799,571.716,147.466,2.7595,1.09799,15.2408,0.0771564
122,100,100,4,10,1,5000,5,0.05,0.5,3,1,33,150,0,1,0.5,0.05,1,131.273,23.8606,4756.32,212.672,7.36364,2.56174,4788.33,21.1786,4.14529,1.1103,701.107,173.847,4.14529,1.1103,24.0826,0.157667
138,150,100,4,10,1,5000,5,0.05,0.5,3,1,33,150,0,1,0.5,0.05,1,167.606,21.9102,4851.14,129.441,7.57576,1.59099,8095.73,31.24,4.27997,0.591326,662.262,118.444,4.27997,0.591326,25.9588,0.129374
154,200,100,4,10,1,5000,5,0.05,0.5,3,1,33,150,0,1,0.5,0.05,1,185.636,22.78,4856.1,103.5,8.33333,1.97642,11398.1,21.841,4.24747,0.697326,608.146,118.703,4.24747,0.697326,26.8078,0.106335
170,250,100,4,10,1,5000,5,0.05,0.5,3,1,33,150,0,1,0.5,0.05,1,195.606,17.6032,4858.8,88.0284,8.57576,2.2981,14694.6,28.4621,4.16217,0.69824,596.761,126.434,4.16217,0.69824,27.1935,0.113893
186,300,100,4,10,1,5000,5,0.05,0.5,3,1,33,150,0,1,0.5,0.05,1,213.636,16.3837,4875.48,98.5843,8.75758,1.99217,17999.4,25.1719,4.17921,0.665786,576.103,98.5134,4.17921,0.665786,27.4905,0.0768073
