num_deliveries,opt_opts_ratio_avg
10,2.80571223602206
20,2.250861388638085
30,1.718873890502865
