seed,num_deliveries,max_len_road,max_interval_len,max_profit,max_weight,drone_battery,drone_load,height,distance,algorithm,solution_space,iterations,energy_unit_cost,energy_per_delivery,regularly_spaced,deliveries_starting_point,error,exponent,total_profit_avg,total_profit_std,total_energy_avg,total_energy_std,total_flights_avg,total_flights_std,all_flights_size_avg,all_flights_size_std,deliveries_per_flight_avg,deliveries_per_flight_std,avg_energy_per_flight_avg,avg_energy_per_flight_std,avg_weight_per_flight_avg,avg_weight_per_flight_std,n_prime_avg,n_prime_std
4,50,100,2,10,1,2500,10,0.05,0.5,2,1,33,150,0,1,0.5,0.05,0,183.273,13.0869,2485.58,15.1349,3.81818,1.0155,1187.06,10.497,7.40253,1.31225,666.32,105.053,7.40253,1.31225,12.3998,0.127399
20,100,100,2,10,1,2500,10,0.05,0.5,2,1,33,150,0,1,0.5,0.05,0,200.182,9.99204,2489.85,8.28448,3.90909,1.14564,2810.64,8.38339,7.31667,1.40326,656.424,117.678,7.31667,1.40326,13.627,0.0765374
36,150,100,2,10,1,2500,10,0.05,0.5,2,1,33,150,0,1,0.5,0.05,0,207.152,9.93768,2487.67,13.5662,4.0303,0.395285,4432.52,10.3002,6.97475,0.787104,623.2,64.8295,6.97475,0.787104,13.9852,0.0647884
52,200,100,2,10,1,2500,10,0.05,0.5,2,1,33,150,0,1,0.5,0.05,0,213.303,8.67642,2490.58,10.9859,4.09091,0.637377,6061.94,11.4578,6.93333,1.17658,622.592,95.3054,6.93333,1.17658,14.139,0.059266
68,250,100,2,10,1,2500,10,0.05,0.5,2,1,33,150,0,1,0.5,0.05,0,216.97,7.20887,2492.97,6.54544,4.30303,0.559017,7683.36,15.3114,6.52424,0.780937,585.442,57.9287,6.52424,0.780937,14.2395,0.0554788
84,300,100,2,10,1,2500,10,0.05,0.5,2,1,33,150,0,1,0.5,0.05,0,218.182,8.68351,2490.39,7.81001,4.21212,0.586302,9304.33,14.8482,6.73283,1.05214,601.193,80.9724,6.73283,1.05214,14.2973,0.0402367
