num_deliveries,opt_opts_ratio_avg
10,2.990048349997653
20,2.9790969592234435
30,2.5592338299953465
40,2.1027329122596266
