seed,num_deliveries,max_len_road,max_interval_len,max_profit,max_weight,drone_battery,drone_load,height,distance,algorithm,solution_space,iterations,energy_unit_cost,energy_per_delivery,regularly_spaced,deliveries_starting_point,error,exponent,total_profit_avg,total_profit_std,total_energy_avg,total_energy_std,total_flights_avg,total_flights_std,all_flights_size_avg,all_flights_size_std,deliveries_per_flight_avg,deliveries_per_flight_std,avg_energy_per_flight_avg,avg_energy_per_flight_std,avg_weight_per_flight_avg,avg_weight_per_flight_std,n_prime_avg,n_prime_std
99,50,100,4,10,1,2500,5,0.05,0.5,2,1,33,150,0,1,1.0,0.05,1,73.0606,18.6664,2462.76,30.9385,3.69697,0.918559,725.667,7.97653,3.92374,0.739945,682.469,107.665,3.92374,0.739945,6.4864,0.0919659
115,100,100,4,10,1,2500,5,0.05,0.5,2,1,33,150,0,1,1.0,0.05,1,96.6667,17.8425,2462.64,31.7213,3.72727,0.901388,1544.42,10.1026,3.97626,0.544002,673.601,97.0282,3.97626,0.544002,6.68886,0.0630789
131,150,100,4,10,1,2500,5,0.05,0.5,2,1,33,150,0,1,1.0,0.05,1,106.697,14.9822,2467.36,35.831,3.75758,0.918559,2362.18,11.4209,3.98737,0.562547,668.732,94.6882,3.98737,0.562547,6.74038,0.0405195
147,200,100,4,10,1,2500,5,0.05,0.5,2,1,33,150,0,1,1.0,0.05,1,117.273,12.0241,2482.73,15.3689,4.15152,0.770552,3180.39,14.0479,3.73434,0.671285,618.094,116.729,3.73434,0.671285,6.76621,0.0429326
163,250,100,4,10,1,2500,5,0.05,0.5,2,1,33,150,0,1,1.0,0.05,1,115.242,8.84601,2478.36,25.3572,4.15152,0.53033,3999.09,16.2721,3.62323,0.478604,605.671,75.4599,3.62323,0.478604,6.78429,0.035915
179,300,100,4,10,1,2500,5,0.05,0.5,2,1,33,150,0,1,1.0,0.05,1,121.848,9.46084,2485.45,16.6172,4.15152,0.684653,4818.09,12.0766,3.75455,0.603811,613.611,98.5972,3.75455,0.603811,6.77953,0.0328216
