seed,num_deliveries,max_len_road,max_interval_len,max_profit,max_weight,drone_battery,drone_load,height,distance,algorithm,solution_space,iterations,energy_unit_cost,energy_per_delivery,regularly_spaced,deliveries_starting_point,error,exponent,total_profit_avg,total_profit_std,total_energy_avg,total_energy_std,total_flights_avg,total_flights_std,all_flights_size_avg,all_flights_size_std,deliveries_per_flight_avg,deliveries_per_flight_std,avg_energy_per_flight_avg,avg_energy_per_flight_std,avg_weight_per_flight_avg,avg_weight_per_flight_std,n_prime_avg,n_prime_std
203,50,100,4,10,1,5000,5,0.05,0.5,6,1,33,150,0,1,1.0,0.05,2,53.8182,14.6979,4915.61,76.9779,8.63636,1.13192,1196.48,10.0809,3.26676,0.428648,575.111,57.5175,3.26676,0.428648,0.0,0.0
219,100,100,4,10,1,5000,5,0.05,0.5,6,1,33,150,0,1,1.0,0.05,2,99.0303,27.3376,4936.32,44.9594,9.21212,1.04583,2845.3,9.33742,2.94839,0.390767,542.169,59.759,2.94839,0.390767,0.0,0.0
235,150,100,4,10,1,5000,5,0.05,0.5,6,1,33,150,0,1,1.0,0.05,2,110.333,24.1605,4928.79,49.9971,9.30303,1.22474,4499.55,11.0708,3.00436,0.407503,538.101,68.1907,3.00436,0.407503,0.0,0.0
251,200,100,4,10,1,5000,5,0.05,0.5,6,1,33,150,0,1,1.0,0.05,2,118.091,20.3767,4929.37,48.2225,9.36364,1.29904,6147.64,16.3698,3.09154,0.459958,535.872,74.0058,3.09154,0.459958,0.0,0.0
267,250,100,4,10,1,5000,5,0.05,0.5,6,1,33,150,0,1,1.0,0.05,2,141.121,20.9967,4932.86,45.4756,9.48485,1.25,7800.94,13.621,3.04389,0.422382,527.664,65.7994,3.04389,0.422382,0.0,0.0
283,300,100,4,10,1,5000,5,0.05,0.5,6,1,33,150,0,1,1.0,0.05,2,132.667,28.052,4933.42,43.3636,9.57576,1.28695,9455.39,16.0925,3.06054,0.396195,522.155,60.7384,3.06054,0.396195,0.0,0.0
