num_deliveries,opt_opts_ratio_avg
10,2.702353513900078
20,2.182006901449944
30,1.7303965498833678
40,1.5380443301443039
