num_deliveries,opt_opts_ratio_avg
10,2.8556810087957754
20,3.0138317160222123
30,2.7261353261420895
