seed,num_deliveries,max_len_road,max_interval_len,max_profit,max_weight,drone_battery,drone_load,height,distance,algorithm,solution_space,iterations,energy_unit_cost,energy_per_delivery,regularly_spaced,deliveries_starting_point,error,exponent,total_profit_avg,total_profit_std,total_energy_avg,total_energy_std,total_flights_avg,total_flights_std,all_flights_size_avg,all_flights_size_std,deliveries_per_flight_avg,deliveries_per_flight_std,avg_energy_per_flight_avg,avg_energy_per_flight_std,avg_weight_per_flight_avg,avg_weight_per_flight_std
13,10,100,2,10,1,5000,10,0.05,0.5,0,1,5,150,0,1,1.0,0,0,69.6,14.0996,2933.39,421.254,6.6,0.866025,64.4,1.22474,1.84286,0.155766,442.867,32.1996,1.84286,0.155766
29,20,100,2,10,1,5000,10,0.05,0.5,0,1,5,150,0,1,1.0,0,0,142.4,8.11172,4985.61,11.3013,11.2,0.866025,229.2,0.866025,2.02303,0.113638,447.152,33.703,2.02303,0.113638
45,30,100,2,10,1,5000,10,0.05,0.5,0,1,5,150,0,1,1.0,0,0,170.2,20.9929,4972.7,32.7085,7.6,1.5,491.8,1.73205,3.87937,0.830388,670.602,116.262,3.87937,0.830388
61,40,100,2,10,1,5000,10,0.05,0.5,0,1,5,150,0,1,1.0,0,0,205.8,18.593,4979.27,19.6732,5.8,1.73205,823.4,3.60555,5.61667,1.55858,904.075,228.61,5.61667,1.55858
77,50,100,2,10,1,5000,10,0.05,0.5,0,1,5,150,0,1,1.0,0,0,212.0,16.0624,4971.53,17.0562,8.6,1.11803,1149.6,5.45436,3.56944,0.425712,582.727,55.824,3.56944,0.425712
