seed,num_deliveries,max_len_road,max_interval_len,max_profit,max_weight,drone_battery,drone_load,height,distance,algorithm,solution_space,iterations,energy_unit_cost,energy_per_delivery,regularly_spaced,deliveries_starting_point,error,exponent,total_profit_avg,total_profit_std,total_energy_avg,total_energy_std,total_flights_avg,total_flights_std,running_time_avg,running_time_std,all_flights_size_avg,all_flights_size_std
147,10,100,8,10,5,5000,10,0.05,0.5,2,4,33,150,30,0,1,0,0,50.6364,7.88915,4791.48,225.156,4.78788,1.11803,0.017303,0.005181,48.8485,10.6654
151,20,100,8,10,5,5000,10,0.05,0.5,2,4,33,150,30,0,1,0,0,76.2424,11.5164,4905.7,86.7898,5.51515,1.0155,0.0681515,0.0113002,198.0,30.3655
155,30,100,8,10,5,5000,10,0.05,0.5,2,4,33,150,30,0,1,0,0,89.9091,9.42856,4934.42,50.7149,6.27273,0.951972,0.184485,0.0345255,530.485,81.7718
159,40,100,8,10,5,5000,10,0.05,0.5,2,4,33,150,30,0,1,0,0,109.303,12.3301,4944.33,45.9576,6.57576,1.10397,0.366576,0.0601805,1023.76,120.12
