num_deliveries,opt_opts_ratio_avg
10,1.4587576841912102
20,1.3319353846153845
30,1.24176776781654
40,1.1090659588979186
