seed,num_deliveries,max_len_road,max_interval_len,max_profit,max_weight,drone_battery,drone_load,height,distance,algorithm,solution_space,iterations,energy_unit_cost,energy_per_delivery,regularly_spaced,deliveries_starting_point,error,exponent,total_profit_avg,total_profit_std,total_energy_avg,total_energy_std,total_flights_avg,total_flights_std,all_flights_size_avg,all_flights_size_std,deliveries_per_flight_avg,deliveries_per_flight_std,avg_energy_per_flight_avg,avg_energy_per_flight_std,avg_weight_per_flight_avg,avg_weight_per_flight_std,n_prime_avg,n_prime_std
143,10,100,4,10,1,5000,10,0.05,0.5,8,1,33,150,0,1,1.0,0,0,23.4545,6.10886,1406.9,257.014,3.27273,0.847791,10.0,0.0,1.0,0.0,438.133,59.578,1.0,0.0,1.0,0.0
159,20,100,4,10,1,5000,10,0.05,0.5,8,1,33,150,0,1,1.0,0,0,44.1818,6.3711,2446.24,251.627,5.93939,1.26244,20.0,0.0,1.0,0.0,417.146,56.2741,1.0,0.0,1.0,0.0
175,30,100,4,10,1,5000,10,0.05,0.5,8,1,33,150,0,1,1.0,0,0,64.0606,7.34396,3688.33,350.363,8.45455,1.13192,30.0,0.0,1.0,0.0,439.754,44.6064,1.0,0.0,1.0,0.0
191,40,100,4,10,1,5000,10,0.05,0.5,8,1,33,150,0,1,1.0,0,0,82.2121,9.06834,4699.86,280.38,10.7273,1.1726,40.0,0.0,1.0,0.0,440.544,39.0556,1.0,0.0,1.0,0.0
207,50,100,4,10,1,5000,10,0.05,0.5,8,1,33,150,0,1,1.0,0,0,95.4545,8.71812,4923.77,77.5933,11.697,1.38067,50.0,0.0,1.0,0.0,425.294,44.7504,1.0,0.0,1.0,0.0
223,60,100,4,10,1,5000,10,0.05,0.5,8,1,33,150,0,1,1.0,0,0,101.939,9.08962,4954.54,39.4302,12.4545,1.35785,60.0,0.0,1.0,0.0,401.626,38.8837,1.0,0.0,1.0,0.0
239,70,100,4,10,1,5000,10,0.05,0.5,8,1,33,150,0,1,1.0,0,0,110.182,9.5801,4957.09,44.5446,13.0606,1.08972,70.0,0.0,1.0,0.0,382.208,33.304,1.0,0.0,1.0,0.0
255,80,100,4,10,1,5000,10,0.05,0.5,8,1,33,150,0,1,1.0,0,0,112.909,6.54964,4967.97,29.4335,13.5758,1.35785,80.0,0.0,1.0,0.0,368.795,32.7568,1.0,0.0,1.0,0.0
