seed,num_deliveries,max_len_road,max_interval_len,max_profit,max_weight,drone_battery,drone_load,height,distance,algorithm,solution_space,iterations,energy_unit_cost,energy_per_delivery,regularly_spaced,deliveries_starting_point,error,exponent,total_profit_avg,total_profit_std,total_energy_avg,total_energy_std,total_flights_avg,total_flights_std,running_time_avg,running_time_std,all_flights_size_avg,all_flights_size_std
96,10,100,8,10,1,2500,5,0.05,0.5,6,4,33,150,30,0,1,0,0,27.8485,7.20296,2145.7,226.403,2.75758,1.0155,0.0,0.0,26.1212,6.37377
100,20,100,8,10,1,2500,5,0.05,0.5,6,4,33,150,30,0,1,0,0,41.7273,7.07227,2296.28,141.046,3.36364,0.866025,0.0,0.0,105.576,24.3689
104,30,100,8,10,1,2500,5,0.05,0.5,6,4,33,150,30,0,1,0,0,54.5152,10.5538,2346.93,97.9063,3.69697,1.0155,0.000181818,0.00046466,245.606,41.7478
108,40,100,8,10,1,2500,5,0.05,0.5,6,4,33,150,30,0,1,0,0,61.9394,8.97197,2309.44,125.676,3.51515,0.984251,0.000454545,0.000665719,467.788,62.3909
160,50,100,8,10,1,2500,5,0.05,0.5,6,4,33,150,30,0,1,0,0,69.4242,9.05549,2323.64,129.37,3.90909,1.22474,0.00136364,0.000783349,764.636,59.4877
164,60,100,8,10,1,2500,5,0.05,0.5,6,4,33,150,30,0,1,0,0,75.9697,11.4086,2357.34,104.791,4.24242,0.866025,0.00281818,0.00046466,1133.12,67.062
264,70,100,8,10,1,2500,5,0.05,0.5,6,4,33,150,30,0,1,0,0,83.0909,8.53069,2358.79,103.536,4.0,0.707107,0.0060303,0.00157092,1614.42,94.9556
268,80,100,8,10,1,2500,5,0.05,0.5,6,4,33,150,30,0,1,0,0,86.3636,10.9966,2379.64,81.0035,4.42424,0.935414,0.0105758,0.00241131,2155.52,127.375
272,90,100,8,10,1,2500,5,0.05,0.5,6,4,33,150,30,0,1,0,0,91.4545,9.84597,2390.69,86.5841,4.36364,0.935414,0.0174545,0.00256285,2783.21,129.613
