seed,num_deliveries,max_len_road,max_interval_len,max_profit,max_weight,drone_battery,drone_load,height,distance,algorithm,solution_space,iterations,energy_unit_cost,energy_per_delivery,regularly_spaced,deliveries_starting_point,error,exponent,total_profit_avg,total_profit_std,total_energy_avg,total_energy_std,total_flights_avg,total_flights_std,all_flights_size_avg,all_flights_size_std,deliveries_per_flight_avg,deliveries_per_flight_std,avg_energy_per_flight_avg,avg_energy_per_flight_std,avg_weight_per_flight_avg,avg_weight_per_flight_std,n_prime_avg,n_prime_std
108,50,100,2,10,1,5000,10,0.05,0.5,3,1,33,150,0,1,0.5,0.05,1,146.273,31.116,3939.77,632.67,6.9697,4.61655,1394.42,5.67891,6.75169,3.16901,714.922,250.724,6.75169,3.16901,16.118,0.0498681
124,100,100,2,10,1,5000,10,0.05,0.5,3,1,33,150,0,1,0.5,0.05,1,224.606,35.5175,4838.61,141.472,5.93939,1.31101,4606.82,9.50164,8.32908,1.13732,832.656,129.345,8.32908,1.13732,26.0201,0.0811008
140,150,100,2,10,1,5000,10,0.05,0.5,3,1,33,150,0,1,0.5,0.05,1,257.0,34.9383,4871.84,119.544,6.33333,1.26244,7895.7,12.2996,8.05552,1.40579,794.173,137.339,8.05552,1.40579,28.1352,0.0653304
156,200,100,2,10,1,5000,10,0.05,0.5,3,1,33,150,0,1,0.5,0.05,1,283.303,37.5071,4884.29,98.7284,6.36364,0.935414,11183.0,14.3853,8.18797,1.02249,778.794,87.7411,8.18797,1.02249,29.0024,0.0633166
172,250,100,2,10,1,5000,10,0.05,0.5,3,1,33,150,0,1,0.5,0.05,1,308.879,28.0064,4893.83,78.9846,6.69697,1.18585,14475.7,17.1273,7.79727,1.0586,744.527,101.932,7.79727,1.0586,29.4686,0.0652162
188,300,100,2,10,1,5000,10,0.05,0.5,3,1,33,150,0,1,0.5,0.05,1,307.667,27.6571,4893.22,104.138,6.51515,1.23744,17769.4,14.0823,7.88449,1.1873,769.738,115.602,7.88449,1.1873,29.7619,0.0486709
