seed,num_deliveries,max_len_road,max_interval_len,max_profit,max_weight,drone_battery,drone_load,height,distance,algorithm,solution_space,iterations,energy_unit_cost,energy_per_delivery,regularly_spaced,deliveries_starting_point,error,exponent,total_profit_avg,total_profit_std,total_energy_avg,total_energy_std,total_flights_avg,total_flights_std,all_flights_size_avg,all_flights_size_std,deliveries_per_flight_avg,deliveries_per_flight_std,avg_energy_per_flight_avg,avg_energy_per_flight_std,avg_weight_per_flight_avg,avg_weight_per_flight_std
94,10,100,4,10,5,5000,10,0.05,0.5,0,1,5,150,0,1,0.5,0,0,50.6,11.4804,2022.9,689.978,3.6,1.32288,88.4,5.33854,2.35,0.41833,560.456,51.4362,7.11,0.850294
110,20,100,4,10,5,5000,10,0.05,0.5,0,1,5,150,0,1,0.5,0,0,105.0,13.9642,4420.0,510.483,6.6,1.11803,305.2,4.8734,2.22286,0.154391,673.313,52.8482,6.34286,0.540219
126,30,100,4,10,5,5000,10,0.05,0.5,0,1,5,150,0,1,0.5,0,0,154.2,17.6692,4849.92,73.9588,9.0,1.0,613.6,9.78519,2.31889,0.159358,543.863,56.4483,6.37889,0.475919
142,40,100,4,10,5,5000,10,0.05,0.5,0,1,5,150,0,1,0.5,0,0,181.2,11.2561,4952.13,61.1916,10.8,1.22474,1025.2,9.17878,2.56333,0.218057,460.786,36.9793,7.26636,0.504623
158,50,100,4,10,5,5000,10,0.05,0.5,0,1,5,150,0,1,0.5,0,0,210.6,5.89915,4954.7,38.5113,11.0,1.41421,1544.2,16.1941,2.8345,0.342257,456.631,61.3567,7.82968,0.561746
