seed,num_deliveries,max_len_road,max_interval_len,max_profit,max_weight,drone_battery,drone_load,height,distance,algorithm,solution_space,iterations,energy_unit_cost,energy_per_delivery,regularly_spaced,deliveries_starting_point,error,exponent,total_profit_avg,total_profit_std,total_energy_avg,total_energy_std,total_flights_avg,total_flights_std,all_flights_size_avg,all_flights_size_std,deliveries_per_flight_avg,deliveries_per_flight_std,avg_energy_per_flight_avg,avg_energy_per_flight_std,avg_weight_per_flight_avg,avg_weight_per_flight_std,n_prime_avg,n_prime_std
196,50,100,2,10,1,2500,10,0.05,0.5,3,1,33,150,0,1,0.5,0.05,2,55.8788,18.2325,2370.75,122.118,3.09091,0.684653,1188.06,9.64689,8.05758,1.35453,798.463,154.667,8.05758,1.35453,12.3944,0.100017
212,100,100,2,10,1,2500,10,0.05,0.5,3,1,33,150,0,1,0.5,0.05,2,84.2727,26.4058,2404.57,73.7838,3.27273,0.684653,2810.3,9.77241,8.03687,1.32862,757.422,130.961,8.03687,1.32862,13.6458,0.0555019
228,150,100,2,10,1,2500,10,0.05,0.5,3,1,33,150,0,1,0.5,0.05,2,96.6667,22.1454,2420.35,63.8126,3.27273,0.984251,4438.97,11.2194,8.06944,1.44535,773.088,137.077,8.06944,1.44535,13.9927,0.0591702
244,200,100,2,10,1,2500,10,0.05,0.5,3,1,33,150,0,1,0.5,0.05,2,113.03,18.6807,2423.53,74.4334,3.21212,0.467707,6054.48,12.3592,7.93939,0.885177,764.152,80.4907,7.93939,0.885177,14.1484,0.064059
260,250,100,2,10,1,2500,10,0.05,0.5,3,1,33,150,0,1,0.5,0.05,2,113.455,17.0827,2432.09,60.6457,3.51515,0.810093,7682.03,15.7252,7.52677,1.43526,711.024,114.852,7.52677,1.43526,14.2262,0.0403103
276,300,100,2,10,1,2500,10,0.05,0.5,3,1,33,150,0,1,0.5,0.05,2,118.212,23.3087,2417.76,60.4844,3.60606,0.901388,9307.33,12.5137,7.1399,1.39283,690.555,115.481,7.1399,1.39283,14.2916,0.0453291
