seed,num_deliveries,max_len_road,max_interval_len,max_profit,max_weight,drone_battery,drone_load,height,distance,algorithm,solution_space,iterations,energy_unit_cost,energy_per_delivery,regularly_spaced,deliveries_starting_point,error,exponent,total_profit_avg,total_profit_std,total_energy_avg,total_energy_std,total_flights_avg,total_flights_std,all_flights_size_avg,all_flights_size_std,deliveries_per_flight_avg,deliveries_per_flight_std,avg_energy_per_flight_avg,avg_energy_per_flight_std,avg_weight_per_flight_avg,avg_weight_per_flight_std,n_prime_avg,n_prime_std
0,50,100,2,10,1,2500,5,0.05,0.5,3,1,33,150,0,1,0.5,0.05,0,132.364,10.6267,2384.5,88.9922,4.78788,1.27475,1188.15,8.16815,4.27196,0.658509,513.084,81.9757,4.27196,0.658509,12.3617,0.131678
16,100,100,2,10,1,2500,5,0.05,0.5,3,1,33,150,0,1,0.5,0.05,0,150.788,10.1142,2418.81,55.8827,5.15152,0.847791,2812.24,11.4701,4.21926,0.507754,480.478,73.3575,4.21926,0.507754,13.6262,0.0968029
32,150,100,2,10,1,2500,5,0.05,0.5,3,1,33,150,0,1,0.5,0.05,0,161.152,8.10525,2433.69,50.9407,5.66667,1.27475,4439.12,12.3971,4.04271,0.665483,442.376,73.3536,4.04271,0.665483,13.9704,0.0562748
48,200,100,2,10,1,2500,5,0.05,0.5,3,1,33,150,0,1,0.5,0.05,0,168.909,8.41265,2436.0,54.1233,5.51515,1.0155,6057.15,10.4896,4.22738,0.562404,450.817,61.5779,4.22738,0.562404,14.1393,0.0488101
64,250,100,2,10,1,2500,5,0.05,0.5,3,1,33,150,0,1,0.5,0.05,0,173.97,8.52381,2440.38,53.3652,5.39394,0.810093,7683.21,13.5381,4.32172,0.495194,458.458,48.8654,4.32172,0.495194,14.2346,0.0445728
80,300,100,2,10,1,2500,5,0.05,0.5,3,1,33,150,0,1,0.5,0.05,0,174.848,8.66069,2456.25,44.1589,5.42424,0.661438,9304.42,16.1458,4.34747,0.370625,456.382,40.411,4.34747,0.370625,14.2838,0.0398108
