seed,num_deliveries,max_len_road,max_interval_len,max_profit,max_weight,drone_battery,drone_load,height,distance,algorithm,solution_space,iterations,energy_unit_cost,energy_per_delivery,regularly_spaced,deliveries_starting_point,error,exponent,total_profit_avg,total_profit_std,total_energy_avg,total_energy_std,total_flights_avg,total_flights_std,all_flights_size_avg,all_flights_size_std,deliveries_per_flight_avg,deliveries_per_flight_std,avg_energy_per_flight_avg,avg_energy_per_flight_std,avg_weight_per_flight_avg,avg_weight_per_flight_std,n_prime_avg,n_prime_std
97,50,100,2,10,1,2500,5,0.05,0.5,6,1,33,150,0,1,1.0,0.05,1,90.7273,17.9466,2431.42,43.7834,5.66667,1.25,703.03,4.39815,2.67641,0.600371,444.613,92.0302,2.67641,0.600371,0.0,0.0
113,100,100,2,10,1,2500,5,0.05,0.5,6,1,33,150,0,1,1.0,0.05,1,104.758,11.7873,2437.57,48.6414,5.18182,0.790569,1516.76,5.46866,3.0026,0.446252,480.036,68.5655,3.0026,0.446252,0.0,0.0
129,150,100,2,10,1,2500,5,0.05,0.5,6,1,33,150,0,1,1.0,0.05,1,115.333,12.9992,2434.02,45.4774,5.57576,1.0155,2330.3,7.22842,2.77157,0.461803,446.734,71.4649,2.77157,0.461803,0.0,0.0
145,200,100,2,10,1,2500,5,0.05,0.5,6,1,33,150,0,1,1.0,0.05,1,120.636,12.2368,2441.96,45.665,5.36364,0.935414,3142.91,6.73146,2.91696,0.471078,466.059,71.8592,2.91696,0.471078,0.0,0.0
161,250,100,2,10,1,2500,5,0.05,0.5,6,1,33,150,0,1,1.0,0.05,1,123.0,11.4864,2438.52,50.2461,5.48485,1.0,3956.58,9.1327,2.87698,0.476428,455.793,75.0924,2.87698,0.476428,0.0,0.0
177,300,100,2,10,1,2500,5,0.05,0.5,6,1,33,150,0,1,1.0,0.05,1,127.242,10.7733,2428.07,52.7431,5.69697,1.21192,4768.94,9.07435,2.75595,0.504985,438.537,76.5551,2.75595,0.504985,0.0,0.0
