seed,num_deliveries,max_len_road,max_interval_len,max_profit,max_weight,drone_battery,drone_load,height,distance,algorithm,solution_space,iterations,energy_unit_cost,energy_per_delivery,regularly_spaced,deliveries_starting_point,error,exponent,total_profit_avg,total_profit_std,total_energy_avg,total_energy_std,total_flights_avg,total_flights_std,all_flights_size_avg,all_flights_size_std,deliveries_per_flight_avg,deliveries_per_flight_std,avg_energy_per_flight_avg,avg_energy_per_flight_std,avg_weight_per_flight_avg,avg_weight_per_flight_std,n_prime_avg,n_prime_std
206,50,100,4,10,1,5000,10,0.05,0.5,3,1,33,150,0,1,0.5,0.05,2,68.1818,18.4889,3563.65,369.43,3.60606,1.08972,1532.85,15.2991,8.41061,1.52137,1031.01,203.179,8.41061,1.52137,15.2484,0.0803281
222,100,100,4,10,1,5000,10,0.05,0.5,3,1,33,150,0,1,0.5,0.05,2,100.455,26.7419,4741.96,174.249,4.69697,0.984251,4789.61,19.1687,8.92626,0.930483,1028.72,142.038,8.92626,0.930483,24.1384,0.123898
238,150,100,4,10,1,5000,10,0.05,0.5,3,1,33,150,0,1,0.5,0.05,2,131.424,30.7775,4834.44,99.6292,4.93939,1.51038,8092.94,25.5447,8.66556,1.45338,1021.25,191.647,8.66556,1.45338,25.9864,0.138873
254,200,100,4,10,1,5000,10,0.05,0.5,3,1,33,150,0,1,0.5,0.05,2,154.364,35.1495,4807.36,176.12,5.12121,1.03078,11403.2,27.6739,8.64141,1.21062,970.11,168.054,8.64141,1.21062,26.762,0.107031
270,250,100,4,10,1,5000,10,0.05,0.5,3,1,33,150,0,1,0.5,0.05,2,151.818,31.5262,4820.26,124.783,5.0303,1.0155,14693.1,28.2776,8.76136,1.1242,992.32,179.83,8.76136,1.1242,27.1783,0.0882667
286,300,100,4,10,1,5000,10,0.05,0.5,3,1,33,150,0,1,0.5,0.05,2,168.758,29.3503,4847.38,137.647,5.45455,1.07529,18001.2,29.3444,8.25133,1.16923,914.564,155.889,8.25133,1.16923,27.4986,0.0852163
