seed,num_deliveries,max_len_road,max_interval_len,max_profit,max_weight,drone_battery,drone_load,height,distance,algorithm,solution_space,iterations,energy_unit_cost,energy_per_delivery,regularly_spaced,deliveries_starting_point,error,exponent,total_profit_avg,total_profit_std,total_energy_avg,total_energy_std,total_flights_avg,total_flights_std,all_flights_size_avg,all_flights_size_std,deliveries_per_flight_avg,deliveries_per_flight_std,avg_energy_per_flight_avg,avg_energy_per_flight_std,avg_weight_per_flight_avg,avg_weight_per_flight_std,n_prime_avg,n_prime_std
193,50,100,2,10,1,2500,5,0.05,0.5,2,1,33,150,0,1,1.0,0.05,2,52.0303,19.9397,2467.12,30.9382,4.27273,0.53033,702.879,4.48957,3.5,0.521416,583.105,55.9707,3.5,0.521416,7.32202,0.0564196
209,100,100,2,10,1,2500,5,0.05,0.5,2,1,33,150,0,1,1.0,0.05,2,64.5152,17.3261,2471.67,26.7449,4.21212,0.728869,1515.88,5.72549,3.60808,0.711392,602.424,99.6861,3.60808,0.711392,7.57048,0.0389331
225,150,100,2,10,1,2500,5,0.05,0.5,2,1,33,150,0,1,1.0,0.05,2,75.7879,18.1775,2481.7,18.6204,4.78788,1.14564,2331.18,7.54569,3.17569,0.663202,533.398,93.9375,3.17569,0.663202,7.64706,0.026974
241,200,100,2,10,1,2500,5,0.05,0.5,2,1,33,150,0,1,1.0,0.05,2,83.8485,16.897,2477.18,28.2693,4.45455,0.847791,3143.12,7.83821,3.49747,0.639337,570.292,94.1318,3.49747,0.639337,7.6774,0.0267513
257,250,100,2,10,1,2500,5,0.05,0.5,2,1,33,150,0,1,1.0,0.05,2,85.6364,17.4209,2477.3,20.6163,4.36364,0.829156,3956.12,10.6624,3.58182,0.686342,585.278,108.535,3.58182,0.686342,7.6948,0.0237836
273,300,100,2,10,1,2500,5,0.05,0.5,2,1,33,150,0,1,1.0,0.05,2,89.7576,17.0643,2487.64,10.0928,4.15152,0.637377,4767.76,8.428,3.7596,0.534748,611.967,91.2454,3.7596,0.534748,7.71581,0.0197835
