seed,num_deliveries,max_len_road,max_interval_len,max_profit,max_weight,drone_battery,drone_load,height,distance,algorithm,solution_space,iterations,energy_unit_cost,energy_per_delivery,regularly_spaced,deliveries_starting_point,error,exponent,total_profit_avg,total_profit_std,total_energy_avg,total_energy_std,total_flights_avg,total_flights_std,all_flights_size_avg,all_flights_size_std,deliveries_per_flight_avg,deliveries_per_flight_std,avg_energy_per_flight_avg,avg_energy_per_flight_std,avg_weight_per_flight_avg,avg_weight_per_flight_std,n_prime_avg,n_prime_std
193,50,100,2,10,1,2500,5,0.05,0.5,6,1,33,150,0,1,1.0,0.05,2,49.2121,18.2684,2430.6,46.8709,5.72727,1.19896,702.879,4.48957,2.60507,0.408088,434.451,65.5696,2.60507,0.408088,0.0,0.0
209,100,100,2,10,1,2500,5,0.05,0.5,6,1,33,150,0,1,1.0,0.05,2,61.0606,15.9803,2422.49,49.9735,5.75758,1.10397,1515.88,5.72549,2.52024,0.37103,428.218,57.2588,2.52024,0.37103,0.0,0.0
225,150,100,2,10,1,2500,5,0.05,0.5,6,1,33,150,0,1,1.0,0.05,2,72.6364,16.9463,2439.64,46.7336,5.69697,1.04583,2331.18,7.54569,2.61847,0.441202,436.455,64.3484,2.61847,0.441202,0.0,0.0
241,200,100,2,10,1,2500,5,0.05,0.5,6,1,33,150,0,1,1.0,0.05,2,80.2121,16.9462,2424.17,42.0197,5.84848,1.1726,3143.12,7.83821,2.57403,0.439737,423.016,66.4132,2.57403,0.439737,0.0,0.0
257,250,100,2,10,1,2500,5,0.05,0.5,6,1,33,150,0,1,1.0,0.05,2,82.4848,17.0955,2432.59,52.9132,5.93939,1.21192,3956.12,10.6624,2.51104,0.359379,416.064,54.5289,2.51104,0.359379,0.0,0.0
273,300,100,2,10,1,2500,5,0.05,0.5,6,1,33,150,0,1,1.0,0.05,2,86.7273,16.8324,2442.04,42.425,5.69697,1.10397,4767.76,8.428,2.66833,0.448761,438.102,66.6134,2.66833,0.448761,0.0,0.0
