seed,num_deliveries,max_len_road,max_interval_len,max_profit,max_weight,drone_battery,drone_load,height,distance,algorithm,solution_space,iterations,energy_unit_cost,energy_per_delivery,regularly_spaced,deliveries_starting_point,error,exponent,total_profit_avg,total_profit_std,total_energy_avg,total_energy_std,total_flights_avg,total_flights_std,all_flights_size_avg,all_flights_size_std,deliveries_per_flight_avg,deliveries_per_flight_std,avg_energy_per_flight_avg,avg_energy_per_flight_std,avg_weight_per_flight_avg,avg_weight_per_flight_std
8,10,100,2,10,1,5000,5,0.05,0.5,0,1,5,150,0,1,0.5,0,0,58.2,9.49737,1945.5,733.342,4.6,1.32288,76.6,2.39792,2.2,0.447214,419.462,87.6637,2.2,0.447214
24,20,100,2,10,1,5000,5,0.05,0.5,0,1,5,150,0,1,0.5,0,0,143.0,19.799,4600.86,320.403,10.4,1.0,258.2,7.19375,2.16081,0.168185,443.79,30.8035,2.16081,0.168185
40,30,100,2,10,1,5000,5,0.05,0.5,0,1,5,150,0,1,0.5,0,0,191.8,13.1795,4952.97,47.76,11.8,1.41421,533.6,6.18466,2.62692,0.233178,422.835,42.0532,2.62692,0.233178
56,40,100,2,10,1,5000,5,0.05,0.5,0,1,5,150,0,1,0.5,0,0,228.2,12.5976,4967.34,29.0191,13.2,0.866025,920.4,9.08295,2.69212,0.215906,377.604,25.5671,2.69212,0.215906
72,50,100,2,10,1,5000,5,0.05,0.5,0,1,5,150,0,1,0.5,0,0,266.8,19.4088,4976.42,24.5484,12.6,0.866025,1395.8,6.0,3.24487,0.199564,395.572,17.8643,3.24487,0.199564
