seed,num_deliveries,max_len_road,max_interval_len,max_profit,max_weight,drone_battery,drone_load,height,distance,algorithm,solution_space,iterations,energy_unit_cost,energy_per_delivery,regularly_spaced,deliveries_starting_point,error,exponent,total_profit_avg,total_profit_std,total_energy_avg,total_energy_std,total_flights_avg,total_flights_std,all_flights_size_avg,all_flights_size_std,deliveries_per_flight_avg,deliveries_per_flight_std,avg_energy_per_flight_avg,avg_energy_per_flight_std,avg_weight_per_flight_avg,avg_weight_per_flight_std,n_prime_avg,n_prime_std
2,50,100,4,10,1,2500,5,0.05,0.5,6,1,33,150,0,1,0.5,0.05,0,147.212,11.9707,2418.23,70.1862,5.66667,0.968246,1266.82,18.8124,3.83608,0.516311,432.966,54.5259,3.83608,0.516311,0.0,0.0
18,100,100,4,10,1,2500,5,0.05,0.5,6,1,33,150,0,1,0.5,0.05,0,167.545,10.9917,2432.48,58.8346,5.9697,1.22474,2904.21,17.1109,3.90375,0.559216,412.854,46.4377,3.90375,0.559216,0.0,0.0
34,150,100,4,10,1,2500,5,0.05,0.5,6,1,33,150,0,1,0.5,0.05,0,177.242,10.6684,2433.82,50.5509,6.12121,0.707107,4534.24,22.7184,3.89228,0.467024,401.965,40.5796,3.89228,0.467024,0.0,0.0
50,200,100,4,10,1,2500,5,0.05,0.5,6,1,33,150,0,1,0.5,0.05,0,185.303,9.62901,2443.08,47.298,6.0303,0.53033,6178.36,19.8888,3.91962,0.349923,407.903,33.109,3.91962,0.349923,0.0,0.0
66,250,100,4,10,1,2500,5,0.05,0.5,6,1,33,150,0,1,0.5,0.05,0,187.394,8.95454,2449.07,42.3777,6.30303,0.866025,7813.7,23.7283,3.81534,0.515483,393.954,44.3331,3.81534,0.515483,0.0,0.0
82,300,100,4,10,1,2500,5,0.05,0.5,6,1,33,150,0,1,0.5,0.05,0,190.545,7.1811,2434.96,51.8194,6.0,0.559017,9445.58,22.325,4.03362,0.396788,409.263,39.4055,4.03362,0.396788,0.0,0.0
