num_deliveries,opt_opts_ratio_avg
10,2.1794189736914285
20,1.5708005742475046
30,1.5502901685333104
40,1.4265615569607324
