seed,num_deliveries,max_len_road,max_interval_len,max_profit,max_weight,drone_battery,drone_load,height,distance,algorithm,solution_space,iterations,energy_unit_cost,energy_per_delivery,regularly_spaced,deliveries_starting_point,error,exponent,total_profit_avg,total_profit_std,total_energy_avg,total_energy_std,total_flights_avg,total_flights_std,all_flights_size_avg,all_flights_size_std,deliveries_per_flight_avg,deliveries_per_flight_std,avg_energy_per_flight_avg,avg_energy_per_flight_std,avg_weight_per_flight_avg,avg_weight_per_flight_std,n_prime_avg,n_prime_std
198,50,100,4,10,1,2500,10,0.05,0.5,2,1,33,150,0,1,0.5,0.05,2,69.6061,20.14,2468.76,25.2785,3.27273,0.53033,1267.03,16.7547,8.21465,1.18641,766.747,92.9093,8.21465,1.18641,11.0057,0.150767
214,100,100,4,10,1,2500,10,0.05,0.5,2,1,33,150,0,1,0.5,0.05,2,93.9394,30.695,2478.42,15.9668,3.39394,0.637377,2904.91,22.174,8.0,1.24652,744.692,101.978,8.0,1.24652,11.9987,0.097612
230,150,100,4,10,1,2500,10,0.05,0.5,2,1,33,150,0,1,0.5,0.05,2,105.424,23.897,2474.48,20.6989,3.48485,0.707107,4542.39,21.6037,7.76515,1.22092,724.662,103.503,7.76515,1.22092,12.246,0.0870363
246,200,100,4,10,1,2500,10,0.05,0.5,2,1,33,150,0,1,0.5,0.05,2,124.212,21.3611,2472.67,25.5632,3.57576,0.770552,6172.61,23.6273,7.55808,1.09558,705.336,101.863,7.55808,1.09558,12.3308,0.067269
262,250,100,4,10,1,2500,10,0.05,0.5,2,1,33,150,0,1,0.5,0.05,2,121.606,22.5803,2484.03,15.1337,3.78788,0.901388,7813.45,26.7295,6.9899,0.93559,664.823,85.1475,6.9899,0.93559,12.4366,0.0650174
278,300,100,4,10,1,2500,10,0.05,0.5,2,1,33,150,0,1,0.5,0.05,2,130.667,22.5606,2483.73,12.2864,3.75758,0.951972,9447.33,23.8255,7.14545,1.28378,675.935,104.56,7.14545,1.28378,12.4745,0.0596299
