seed,num_deliveries,max_len_road,max_interval_len,max_profit,max_weight,drone_battery,drone_load,height,distance,algorithm,solution_space,iterations,energy_unit_cost,energy_per_delivery,regularly_spaced,deliveries_starting_point,error,exponent,total_profit_avg,total_profit_std,total_energy_avg,total_energy_std,total_flights_avg,total_flights_std,running_time_avg,running_time_std,all_flights_size_avg,all_flights_size_std
99,10,100,8,10,1,5000,10,0.05,0.5,3,4,33,150,30,0,1,0,0,36.9091,7.58437,4389.07,514.454,3.54545,1.85405,0.0,0.0,54.4848,14.0668
103,20,100,8,10,1,5000,10,0.05,0.5,3,4,33,150,30,0,1,0,0,58.4848,8.23529,4592.12,337.252,3.42424,1.88746,0.000363636,0.000699025,313.394,70.1599
107,30,100,8,10,1,5000,10,0.05,0.5,3,4,33,150,30,0,1,0,0,71.5455,8.42649,4664.06,345.284,3.72727,2.41091,0.00245455,0.00109233,881.879,124.612
111,40,100,8,10,1,5000,10,0.05,0.5,3,4,33,150,30,0,1,0,0,82.1818,9.8503,4764.83,229.754,2.54545,1.45774,0.00851515,0.00213777,1867.15,162.806
163,50,100,8,10,1,5000,10,0.05,0.5,3,4,33,150,30,0,1,0,0,95.0303,10.8325,4800.82,181.569,3.27273,1.79409,0.0232727,0.00405642,3320.88,214.779
263,60,100,8,10,1,5000,10,0.05,0.5,3,4,33,150,30,0,1,0,0,108.97,10.8209,4744.88,180.071,2.69697,1.35785,0.0524545,0.00826926,5072.39,297.736
267,70,100,8,10,1,5000,10,0.05,0.5,3,4,33,150,30,0,1,0,0,120.848,11.119,4764.87,247.843,2.72727,1.56125,0.111848,0.0202286,7405.24,494.084
271,80,100,8,10,1,5000,10,0.05,0.5,3,4,33,150,30,0,1,0,0,126.667,9.91106,4748.84,238.708,2.72727,1.25,0.212788,0.0315226,10127.5,492.962
