seed,num_deliveries,max_len_road,max_interval_len,max_profit,max_weight,drone_battery,drone_load,height,distance,algorithm,solution_space,iterations,energy_unit_cost,energy_per_delivery,regularly_spaced,deliveries_starting_point,error,exponent,total_profit_avg,total_profit_std,total_energy_avg,total_energy_std,total_flights_avg,total_flights_std,all_flights_size_avg,all_flights_size_std,deliveries_per_flight_avg,deliveries_per_flight_std,avg_energy_per_flight_avg,avg_energy_per_flight_std,avg_weight_per_flight_avg,avg_weight_per_flight_std,n_prime_avg,n_prime_std
11,50,100,4,10,1,5000,5,0.05,0.5,3,1,33,150,0,1,1.0,0.05,0,144.788,10.6968,4772.11,174.952,6.54545,2.58602,1193.82,8.64762,3.74228,1.06913,813.141,239.735,3.74228,1.06913,12.5301,0.122957
27,100,100,4,10,1,5000,5,0.05,0.5,3,1,33,150,0,1,1.0,0.05,0,166.606,9.44702,4862.62,129.362,7.0,2.77263,2846.97,11.1859,3.85208,1.01658,772.205,213.096,3.85208,1.01658,13.8836,0.0732712
43,150,100,4,10,1,5000,5,0.05,0.5,3,1,33,150,0,1,1.0,0.05,0,180.879,10.0833,4891.05,96.1565,8.33333,3.03624,4502.09,13.3335,3.4114,1.11386,655.561,200.825,3.4114,1.11386,14.2178,0.0727012
59,200,100,4,10,1,5000,5,0.05,0.5,3,1,33,150,0,1,1.0,0.05,0,189.545,8.25792,4899.76,84.2074,8.45455,2.81181,6153.94,11.8388,3.38832,1.03122,633.301,174.228,3.38832,1.03122,14.3942,0.0470633
75,250,100,4,10,1,5000,5,0.05,0.5,3,1,33,150,0,1,1.0,0.05,0,193.303,10.4627,4915.46,97.2667,10.0,3.53553,7805.03,13.4687,2.99882,1.08807,555.409,190.943,2.99882,1.08807,14.4923,0.0512511
91,300,100,4,10,1,5000,5,0.05,0.5,3,1,33,150,0,1,1.0,0.05,0,201.333,6.92219,4911.7,73.2947,10.7273,3.57071,9455.03,13.4965,2.77797,1.16871,519.188,199.258,2.77797,1.16871,14.5481,0.0487253
