seed,num_deliveries,max_len_road,max_interval_len,max_profit,max_weight,drone_battery,drone_load,height,distance,algorithm,solution_space,iterations,energy_unit_cost,energy_per_delivery,regularly_spaced,deliveries_starting_point,error,exponent,total_profit_avg,total_profit_std,total_energy_avg,total_energy_std,total_flights_avg,total_flights_std,all_flights_size_avg,all_flights_size_std,deliveries_per_flight_avg,deliveries_per_flight_std,avg_energy_per_flight_avg,avg_energy_per_flight_std,avg_weight_per_flight_avg,avg_weight_per_flight_std,n_prime_avg,n_prime_std
195,50,100,4,10,1,2500,5,0.05,0.5,3,1,33,150,0,1,1.0,0.05,2,34.9091,12.9165,2349.54,111.86,3.33333,1.07529,723.303,7.63217,3.71717,0.909045,761.388,206.798,3.71717,0.909045,6.49157,0.0931393
211,100,100,4,10,1,2500,5,0.05,0.5,3,1,33,150,0,1,1.0,0.05,2,50.7879,13.8491,2327.41,129.537,3.51515,1.55121,1544.3,9.523,3.77367,0.969927,732.45,193.496,3.77367,0.969927,6.67231,0.049264
227,150,100,4,10,1,2500,5,0.05,0.5,3,1,33,150,0,1,1.0,0.05,2,57.697,14.8418,2377.75,130.211,3.51515,1.28695,2362.27,11.4496,3.76515,1.0223,742.387,218.32,3.76515,1.0223,6.73018,0.0418917
243,200,100,4,10,1,2500,5,0.05,0.5,3,1,33,150,0,1,1.0,0.05,2,62.1818,13.1326,2379.12,83.3902,3.30303,1.11803,3181.97,11.0793,3.91364,0.787296,780.664,216.943,3.91364,0.787296,6.76033,0.0428349
259,250,100,4,10,1,2500,5,0.05,0.5,3,1,33,150,0,1,1.0,0.05,2,62.9394,13.6586,2383.17,99.2941,3.60606,1.25,4000.79,10.2164,3.73247,0.913278,705.491,165.969,3.73247,0.913278,6.77266,0.0402883
275,300,100,4,10,1,2500,5,0.05,0.5,3,1,33,150,0,1,1.0,0.05,2,69.3333,12.0407,2400.35,97.4649,4.21212,1.21192,4820.15,17.023,3.20346,0.942243,610.834,154.793,3.20346,0.942243,6.77747,0.0329359
