seed,num_deliveries,max_len_road,max_interval_len,max_profit,max_weight,drone_battery,drone_load,height,distance,algorithm,solution_space,iterations,energy_unit_cost,energy_per_delivery,regularly_spaced,deliveries_starting_point,error,exponent,total_profit_avg,total_profit_std,total_energy_avg,total_energy_std,total_flights_avg,total_flights_std,all_flights_size_avg,all_flights_size_std,deliveries_per_flight_avg,deliveries_per_flight_std,avg_energy_per_flight_avg,avg_energy_per_flight_std,avg_weight_per_flight_avg,avg_weight_per_flight_std,n_prime_avg,n_prime_std
13,50,100,2,10,1,5000,10,0.05,0.5,6,1,33,150,0,1,1.0,0.05,0,202.909,15.9204,4901.8,52.7268,11.6061,2.03101,1152.58,4.27566,2.51166,0.488606,433.741,72.1528,2.51166,0.488606,0.0,0.0
29,100,100,2,10,1,5000,10,0.05,0.5,6,1,33,150,0,1,1.0,0.05,0,233.515,11.006,4941.63,48.1965,12.6061,1.73205,2798.27,6.73842,2.38848,0.405804,399.61,62.2928,2.38848,0.405804,0.0,0.0
45,150,100,2,10,1,5000,10,0.05,0.5,6,1,33,150,0,1,1.0,0.05,0,249.333,9.86999,4926.76,44.698,12.4545,1.46842,4442.45,7.4645,2.45125,0.334247,401.03,51.8118,2.45125,0.334247,0.0,0.0
61,200,100,2,10,1,5000,10,0.05,0.5,6,1,33,150,0,1,1.0,0.05,0,254.242,6.9912,4931.45,47.1655,13.9091,1.78536,6085.52,8.38339,2.17642,0.269336,358.984,41.9214,2.17642,0.269336,0.0,0.0
77,250,100,2,10,1,5000,10,0.05,0.5,6,1,33,150,0,1,1.0,0.05,0,259.667,9.03004,4924.38,46.0908,13.5758,1.99217,7735.88,9.36583,2.27588,0.387079,370.349,57.1552,2.27588,0.387079,0.0,0.0
93,300,100,2,10,1,5000,10,0.05,0.5,6,1,33,150,0,1,1.0,0.05,0,269.061,7.74572,4936.77,46.0609,14.4242,2.25,9378.73,11.399,2.16702,0.382546,350.664,57.3652,2.16702,0.382546,0.0,0.0
