seed,num_deliveries,max_len_road,max_interval_len,max_profit,max_weight,drone_battery,drone_load,height,distance,algorithm,solution_space,iterations,energy_unit_cost,energy_per_delivery,regularly_spaced,deliveries_starting_point,error,exponent,total_profit_avg,total_profit_std,total_energy_avg,total_energy_std,total_flights_avg,total_flights_std,all_flights_size_avg,all_flights_size_std,deliveries_per_flight_avg,deliveries_per_flight_std,avg_energy_per_flight_avg,avg_energy_per_flight_std,avg_weight_per_flight_avg,avg_weight_per_flight_std,n_prime_avg,n_prime_std
103,50,100,4,10,1,2500,10,0.05,0.5,3,1,33,150,0,1,1.0,0.05,1,72.7576,19.0936,2391.3,98.818,2.12121,0.433013,726.97,7.68521,6.61111,1.14539,1166.91,230.851,6.61111,1.14539,6.47814,0.0751643
119,100,100,4,10,1,2500,10,0.05,0.5,3,1,33,150,0,1,1.0,0.05,1,95.1515,17.662,2402.9,68.5752,2.39394,0.918559,1542.79,11.2694,6.2702,1.5733,1073.28,223.723,6.2702,1.5733,6.66158,0.0545196
135,150,100,4,10,1,2500,10,0.05,0.5,3,1,33,150,0,1,1.0,0.05,1,99.0303,11.0496,2387.69,111.789,2.24242,0.559017,2362.76,13.03,6.46212,1.20277,1101.82,180.549,6.46212,1.20277,6.73642,0.0484831
151,200,100,4,10,1,2500,10,0.05,0.5,3,1,33,150,0,1,1.0,0.05,1,97.697,11.8835,2373.66,112.868,2.45455,0.770552,3182.7,15.7886,5.9899,1.37544,1016.42,211.729,5.9899,1.37544,6.75617,0.0387706
167,250,100,4,10,1,2500,10,0.05,0.5,3,1,33,150,0,1,1.0,0.05,1,107.212,11.9994,2396.82,92.6886,2.27273,0.586302,3999.48,11.1524,6.62374,1.24794,1097.3,199.921,6.62374,1.24794,6.76827,0.0426928
183,300,100,4,10,1,2500,10,0.05,0.5,3,1,33,150,0,1,1.0,0.05,1,109.455,9.22324,2400.32,92.7601,2.54545,1.14564,4821.91,14.1885,6.17424,1.62958,1026.56,242.156,6.17424,1.62958,6.78858,0.0305477
