seed,num_deliveries,max_len_road,max_interval_len,max_profit,max_weight,drone_battery,drone_load,height,distance,algorithm,solution_space,iterations,energy_unit_cost,energy_per_delivery,regularly_spaced,deliveries_starting_point,error,exponent,total_profit_avg,total_profit_std,total_energy_avg,total_energy_std,total_flights_avg,total_flights_std,all_flights_size_avg,all_flights_size_std,deliveries_per_flight_avg,deliveries_per_flight_std,avg_energy_per_flight_avg,avg_energy_per_flight_std,avg_weight_per_flight_avg,avg_weight_per_flight_std,n_prime_avg,n_prime_std
195,50,100,4,10,1,2500,5,0.05,0.5,2,1,33,150,0,1,1.0,0.05,2,43.9697,16.2548,2469.18,28.9595,3.93939,1.13192,723.303,7.63217,3.66818,0.596756,642.065,103.783,3.66818,0.596756,6.49157,0.0931393
211,100,100,4,10,1,2500,5,0.05,0.5,2,1,33,150,0,1,1.0,0.05,2,63.2121,18.3963,2473.12,22.7277,4.0303,0.586302,1544.3,9.523,3.63636,0.56076,626.94,96.4044,3.63636,0.56076,6.67231,0.049264
227,150,100,4,10,1,2500,5,0.05,0.5,2,1,33,150,0,1,1.0,0.05,2,73.0606,19.2629,2460.88,31.5464,3.84848,1.06066,2362.27,11.4496,3.8303,0.674157,655.929,107.73,3.8303,0.674157,6.73018,0.0418917
243,200,100,4,10,1,2500,5,0.05,0.5,2,1,33,150,0,1,1.0,0.05,2,78.8788,17.115,2472.58,26.3261,3.93939,1.21192,3181.97,11.0793,3.73586,0.63663,648.769,117.398,3.73586,0.63663,6.76033,0.0428349
259,250,100,4,10,1,2500,5,0.05,0.5,2,1,33,150,0,1,1.0,0.05,2,80.1818,17.7085,2477.15,25.5846,3.81818,0.984251,4000.79,10.2164,3.86111,0.537107,661.616,97.2991,3.86111,0.537107,6.77266,0.0402883
275,300,100,4,10,1,2500,5,0.05,0.5,2,1,33,150,0,1,1.0,0.05,2,87.4242,15.1493,2466.94,33.4411,3.87879,1.13192,4820.15,17.023,3.87374,0.610996,655.042,112.982,3.87374,0.610996,6.77747,0.0329359
