seed,num_deliveries,max_len_road,max_interval_len,max_profit,max_weight,drone_battery,drone_load,height,distance,algorithm,solution_space,iterations,energy_unit_cost,energy_per_delivery,regularly_spaced,deliveries_starting_point,error,exponent,total_profit_avg,total_profit_std,total_energy_avg,total_energy_std,total_flights_avg,total_flights_std,all_flights_size_avg,all_flights_size_std,deliveries_per_flight_avg,deliveries_per_flight_std,avg_energy_per_flight_avg,avg_energy_per_flight_std,avg_weight_per_flight_avg,avg_weight_per_flight_std,n_prime_avg,n_prime_std
5,50,100,2,10,1,2500,10,0.05,0.5,6,1,33,150,0,1,1.0,0.05,0,113.879,6.82256,2440.95,42.9448,6.84848,1.45774,703.636,4.8509,2.15886,0.415089,366.41,61.6797,2.15886,0.415089,0.0,0.0
21,100,100,2,10,1,2500,10,0.05,0.5,6,1,33,150,0,1,1.0,0.05,0,126.939,6.06702,2437.04,38.6572,6.66667,1.56125,1517.64,5.48578,2.35329,0.70055,385.081,103.03,2.35329,0.70055,0.0,0.0
37,150,100,2,10,1,2500,10,0.05,0.5,6,1,33,150,0,1,1.0,0.05,0,131.0,4.94343,2425.76,48.3864,6.93939,1.46842,2328.52,6.45417,2.20707,0.387456,358.5,58.805,2.20707,0.387456,0.0,0.0
53,200,100,2,10,1,2500,10,0.05,0.5,6,1,33,150,0,1,1.0,0.05,0,133.545,5.6904,2434.48,46.5937,7.51515,1.33463,3142.88,9.75481,2.03914,0.362074,332.48,54.9258,2.03914,0.362074,0.0,0.0
69,250,100,2,10,1,2500,10,0.05,0.5,6,1,33,150,0,1,1.0,0.05,0,135.909,4.77862,2436.9,40.8986,7.57576,1.51038,3957.55,10.6095,2.05942,0.396074,331.979,59.6096,2.05942,0.396074,0.0,0.0
85,300,100,2,10,1,2500,10,0.05,0.5,6,1,33,150,0,1,1.0,0.05,0,138.182,4.90825,2442.83,41.754,7.87879,1.51038,4767.94,9.5443,1.97918,0.34137,317.724,53.156,1.97918,0.34137,0.0,0.0
