num_deliveries,opt_opts_ratio_avg
10,2.303840686398944
20,2.0268249157295415
30,1.6299563634072887
40,1.5332509687658116
