seed,num_deliveries,max_len_road,max_interval_len,max_profit,max_weight,drone_battery,drone_load,height,distance,algorithm,solution_space,iterations,energy_unit_cost,energy_per_delivery,regularly_spaced,deliveries_starting_point,error,exponent,total_profit_avg,total_profit_std,total_energy_avg,total_energy_std,total_flights_avg,total_flights_std,running_time_avg,running_time_std,all_flights_size_avg,all_flights_size_std
147,10,100,8,10,5,5000,10,0.05,0.5,3,4,33,150,30,0,1,0,0,41.2727,8.46047,4417.55,446.774,4.21212,1.44698,0.0,0.0,48.8485,10.6654
151,20,100,8,10,5,5000,10,0.05,0.5,3,4,33,150,30,0,1,0,0,58.3939,12.3287,4649.86,265.06,4.9697,1.60078,0.000151515,0.00036411,198.0,30.3655
155,30,100,8,10,5,5000,10,0.05,0.5,3,4,33,150,30,0,1,0,0,65.2727,7.70662,4652.79,292.339,5.30303,1.36931,0.00139394,0.00078817,530.485,81.7718
159,40,100,8,10,5,5000,10,0.05,0.5,3,4,33,150,30,0,1,0,0,75.9091,10.4922,4712.73,213.248,5.54545,1.41421,0.00430303,0.00192816,1023.76,120.12
