seed,num_deliveries,max_len_road,max_interval_len,max_profit,max_weight,drone_battery,drone_load,height,distance,algorithm,solution_space,iterations,energy_unit_cost,energy_per_delivery,regularly_spaced,deliveries_starting_point,error,exponent,total_profit_avg,total_profit_std,total_energy_avg,total_energy_std,total_flights_avg,total_flights_std,all_flights_size_avg,all_flights_size_std,deliveries_per_flight_avg,deliveries_per_flight_std,avg_energy_per_flight_avg,avg_energy_per_flight_std,avg_weight_per_flight_avg,avg_weight_per_flight_std,n_prime_avg,n_prime_std
206,50,100,4,10,1,5000,10,0.05,0.5,6,1,33,150,0,1,0.5,0.05,2,81.7576,20.3455,4473.83,292.117,7.78788,1.19896,1532.85,15.2991,5.11411,0.675449,580.657,68.3574,5.11411,0.675449,0.0,0.0
222,100,100,4,10,1,5000,10,0.05,0.5,6,1,33,150,0,1,0.5,0.05,2,118.061,29.71,4928.16,59.342,8.90909,1.5,4789.61,19.1687,5.86239,1.08805,563.76,84.0113,5.86239,1.08805,0.0,0.0
238,150,100,4,10,1,5000,10,0.05,0.5,6,1,33,150,0,1,0.5,0.05,2,158.242,35.6029,4953.47,45.9487,9.15152,1.04583,8092.94,25.5447,5.69319,0.82812,548.071,62.7315,5.69319,0.82812,0.0,0.0
254,200,100,4,10,1,5000,10,0.05,0.5,6,1,33,150,0,1,0.5,0.05,2,184.667,38.9388,4941.74,45.8852,9.21212,1.10397,11403.2,27.6739,5.64105,0.773772,543.574,63.7189,5.64105,0.773772,0.0,0.0
270,250,100,4,10,1,5000,10,0.05,0.5,6,1,33,150,0,1,0.5,0.05,2,186.182,37.9749,4943.0,39.6839,9.0,1.03078,14693.1,28.2776,5.80946,0.852899,556.365,64.9773,5.80946,0.852899,0.0,0.0
286,300,100,4,10,1,5000,10,0.05,0.5,6,1,33,150,0,1,0.5,0.05,2,210.788,35.9303,4940.16,43.625,8.60606,1.06066,18001.2,29.3444,6.11425,0.704108,579.75,59.3626,6.11425,0.704108,0.0,0.0
