seed,num_deliveries,max_len_road,max_interval_len,max_profit,max_weight,drone_battery,drone_load,height,distance,algorithm,solution_space,iterations,energy_unit_cost,energy_per_delivery,regularly_spaced,deliveries_starting_point,error,exponent,total_profit_avg,total_profit_std,total_energy_avg,total_energy_std,total_flights_avg,total_flights_std,all_flights_size_avg,all_flights_size_std,deliveries_per_flight_avg,deliveries_per_flight_std,avg_energy_per_flight_avg,avg_energy_per_flight_std,avg_weight_per_flight_avg,avg_weight_per_flight_std,n_prime_avg,n_prime_std
97,50,100,2,10,1,2500,5,0.05,0.5,3,1,33,150,0,1,1.0,0.05,1,81.3939,16.8243,2368.32,81.014,3.93939,1.6298,703.03,4.39815,3.743,1.03429,651.664,162.302,3.743,1.03429,7.3037,0.0636295
113,100,100,2,10,1,2500,5,0.05,0.5,3,1,33,150,0,1,1.0,0.05,1,93.1515,10.9377,2394.2,87.0885,3.78788,1.29904,1516.76,5.46866,3.88586,0.806561,664.207,132.712,3.88586,0.806561,7.56549,0.0439799
129,150,100,2,10,1,2500,5,0.05,0.5,3,1,33,150,0,1,1.0,0.05,1,103.303,11.69,2436.58,66.0638,4.42424,1.5,2330.3,7.22842,3.47392,0.916993,594.358,147.576,3.47392,0.916993,7.64439,0.0250278
145,200,100,2,10,1,2500,5,0.05,0.5,3,1,33,150,0,1,1.0,0.05,1,108.818,11.4112,2434.79,58.6226,4.27273,1.0155,3142.91,6.73146,3.54899,0.755454,594.934,118.914,3.54899,0.755454,7.68755,0.0284257
161,250,100,2,10,1,2500,5,0.05,0.5,3,1,33,150,0,1,1.0,0.05,1,110.606,10.3015,2428.9,57.7997,4.33333,1.23744,3956.58,9.1327,3.56115,0.861002,594.537,135.082,3.56115,0.861002,7.70156,0.023244
177,300,100,2,10,1,2500,5,0.05,0.5,3,1,33,150,0,1,1.0,0.05,1,115.727,10.8203,2430.51,62.5904,4.33333,0.984251,4768.94,9.07435,3.51061,0.637307,581.205,103.152,3.51061,0.637307,7.7153,0.0236682
