seed,num_deliveries,max_len_road,max_interval_len,max_profit,max_weight,drone_battery,drone_load,height,distance,algorithm,solution_space,iterations,energy_unit_cost,energy_per_delivery,regularly_spaced,deliveries_starting_point,error,exponent,total_profit_avg,total_profit_std,total_energy_avg,total_energy_std,total_flights_avg,total_flights_std,running_time_avg,running_time_std,all_flights_size_avg,all_flights_size_std
97,10,100,8,10,1,2500,10,0.05,0.5,6,4,33,150,30,0,1,0,0,27.4242,6.88309,2131.98,245.028,2.54545,0.75,0.0,0.0,26.4242,6.65207
101,20,100,8,10,1,2500,10,0.05,0.5,6,4,33,150,30,0,1,0,0,46.6364,9.25276,2271.63,175.644,3.33333,0.883883,0.0,0.0,108.394,25.1328
105,30,100,8,10,1,2500,10,0.05,0.5,6,4,33,150,30,0,1,0,0,53.1212,8.99568,2338.48,155.137,3.93939,1.23744,0.000181818,0.000391675,260.576,35.0558
109,40,100,8,10,1,2500,10,0.05,0.5,6,4,33,150,30,0,1,0,0,62.6061,8.474,2296.96,117.155,3.48485,1.0,0.000939394,0.000609272,497.333,72.6079
161,50,100,8,10,1,2500,10,0.05,0.5,6,4,33,150,30,0,1,0,0,67.3333,9.36972,2336.34,107.52,3.93939,1.33463,0.00175758,0.000902438,811.333,89.0672
165,60,100,8,10,1,2500,10,0.05,0.5,6,4,33,150,30,0,1,0,0,81.0303,10.4298,2376.31,101.285,4.0,0.968246,0.00463636,0.00147517,1353.97,158.776
265,70,100,8,10,1,2500,10,0.05,0.5,6,4,33,150,30,0,1,0,0,85.7273,11.1138,2382.59,93.5386,3.87879,1.1592,0.00872727,0.00256506,1968.24,223.717
269,80,100,8,10,1,2500,10,0.05,0.5,6,4,33,150,30,0,1,0,0,90.5152,8.83219,2383.63,85.5771,3.93939,1.42522,0.0152121,0.0033049,2662.27,259.511
273,90,100,8,10,1,2500,10,0.05,0.5,6,4,33,150,30,0,1,0,0,97.7273,8.71878,2416.26,70.0775,3.9697,1.43614,0.0266364,0.00506099,3595.79,272.352
