num_deliveries,opt_opts_ratio_avg
10,3.284036774997111
20,3.7022626679374864
30,3.464529116900506
