seed,num_deliveries,max_len_road,max_interval_len,max_profit,max_weight,drone_battery,drone_load,height,distance,algorithm,solution_space,iterations,energy_unit_cost,energy_per_delivery,regularly_spaced,deliveries_starting_point,error,exponent,total_profit_avg,total_profit_std,total_energy_avg,total_energy_std,total_flights_avg,total_flights_std,all_flights_size_avg,all_flights_size_std,deliveries_per_flight_avg,deliveries_per_flight_std,avg_energy_per_flight_avg,avg_energy_per_flight_std,avg_weight_per_flight_avg,avg_weight_per_flight_std,n_prime_avg,n_prime_std
11,50,100,4,10,1,5000,5,0.05,0.5,2,1,33,150,0,1,1.0,0.05,0,193.182,12.6032,4974.73,18.6217,7.72727,1.19896,1193.82,8.64762,3.63038,0.427823,652.701,75.8053,3.63038,0.427823,12.5301,0.122957
27,100,100,4,10,1,5000,5,0.05,0.5,2,1,33,150,0,1,1.0,0.05,0,217.455,12.6617,4985.64,13.6926,8.48485,1.11803,2846.97,11.1859,3.49153,0.411583,595.178,66.9694,3.49153,0.411583,13.8836,0.0732712
43,150,100,4,10,1,5000,5,0.05,0.5,2,1,33,150,0,1,1.0,0.05,0,230.424,10.3774,4990.48,7.05391,9.09091,1.04583,4502.09,13.3335,3.27965,0.409384,556.173,65.6862,3.27965,0.409384,14.2178,0.0727012
59,200,100,4,10,1,5000,5,0.05,0.5,2,1,33,150,0,1,1.0,0.05,0,238.606,9.42715,4993.36,6.26408,9.42424,1.08972,6153.94,11.8388,3.19477,0.381979,536.045,60.8031,3.19477,0.381979,14.3942,0.0470633
75,250,100,4,10,1,5000,5,0.05,0.5,2,1,33,150,0,1,1.0,0.05,0,245.182,10.7193,4989.85,12.0652,10.1212,0.935414,7805.03,13.4687,2.99744,0.284527,496.981,44.896,2.99744,0.284527,14.4923,0.0512511
91,300,100,4,10,1,5000,5,0.05,0.5,2,1,33,150,0,1,1.0,0.05,0,247.424,8.40398,4993.36,6.66529,10.2424,1.06066,9455.03,13.4965,2.94927,0.278624,492.403,50.3932,2.94927,0.278624,14.5481,0.0487253
