num_deliveries,opt_opts_ratio_avg
10,2.983632032735935
20,2.470232931200995
30,2.2035652730344046
40,1.9078880184688862
