seed,num_deliveries,max_len_road,max_interval_len,max_profit,max_weight,drone_battery,drone_load,height,distance,algorithm,solution_space,iterations,energy_unit_cost,energy_per_delivery,regularly_spaced,deliveries_starting_point,error,exponent,total_profit_avg,total_profit_std,total_energy_avg,total_energy_std,total_flights_avg,total_flights_std,all_flights_size_avg,all_flights_size_std,deliveries_per_flight_avg,deliveries_per_flight_std,avg_energy_per_flight_avg,avg_energy_per_flight_std,avg_weight_per_flight_avg,avg_weight_per_flight_std,n_prime_avg,n_prime_std
130,10,100,4,10,1,2500,5,0.05,0.5,0,1,33,150,0,1,0.5,0.0,0,51.1212,7.22737,1613.78,619.744,2.69697,1.31101,90.2727,5.44576,3.27677,0.95167,620.423,142.252,3.27677,0.95167,1.59449,0.181522
146,20,100,4,10,1,2500,5,0.05,0.5,0,1,33,150,0,1,0.5,0.0,0,96.5455,12.2833,2371.28,145.702,4.57576,0.984251,304.03,9.10185,3.31566,0.544989,530.317,75.8231,3.31566,0.544989,3.16937,0.469507
162,30,100,4,10,1,2500,5,0.05,0.5,0,1,33,150,0,1,0.5,0.0,0,127.182,13.9876,2422.42,69.4071,4.90909,1.06066,609.212,13.3124,4.05455,0.433619,498.858,54.8661,4.05455,0.433619,5.12931,0.677514
178,40,100,4,10,1,2500,5,0.05,0.5,0,1,33,150,0,1,0.5,0.0,0,143.788,12.2392,2475.18,21.792,5.12121,0.5,934.939,13.7216,4.21061,0.331291,487.534,47.0275,4.21061,0.331291,5.67275,0.552568
194,50,100,4,10,1,2500,5,0.05,0.5,0,1,33,150,0,1,0.5,0.0,0,152.242,10.3079,2470.51,22.8652,5.15152,0.53033,1267.27,13.9205,4.31919,0.401303,484.123,48.7161,4.31919,0.401303,6.31336,0.533434
210,60,100,4,10,1,2500,5,0.05,0.5,0,1,33,150,0,1,0.5,0.0,0,157.939,9.66288,2480.29,21.1656,5.30303,0.559017,1597.97,18.2346,4.27677,0.377628,470.908,37.674,4.27677,0.377628,6.59344,0.46036
226,70,100,4,10,1,2500,5,0.05,0.5,0,1,33,150,0,1,0.5,0.0,0,159.576,11.7766,2482.03,16.6714,5.24242,0.661438,1921.39,17.2509,4.31465,0.44872,480.171,60.0643,4.31465,0.44872,6.8151,0.4141
242,80,100,4,10,1,2500,5,0.05,0.5,0,1,33,150,0,1,0.5,0.0,0,168.697,12.0195,2477.99,15.6812,5.39394,0.637377,2249.73,19.3164,4.27778,0.412198,462.977,40.1783,4.27778,0.412198,6.76112,0.385759
