seed,num_deliveries,max_len_road,max_interval_len,max_profit,max_weight,drone_battery,drone_load,height,distance,algorithm,solution_space,iterations,energy_unit_cost,energy_per_delivery,regularly_spaced,deliveries_starting_point,error,exponent,total_profit_avg,total_profit_std,total_energy_avg,total_energy_std,total_flights_avg,total_flights_std,all_flights_size_avg,all_flights_size_std,deliveries_per_flight_avg,deliveries_per_flight_std,avg_energy_per_flight_avg,avg_energy_per_flight_std,avg_weight_per_flight_avg,avg_weight_per_flight_std,n_prime_avg,n_prime_std
131,10,100,4,10,1,2500,5,0.05,0.5,0,1,33,150,0,1,1.0,0.0,0,58.2727,9.86557,2291.86,229.696,3.45455,0.847791,74.9394,3.59253,2.76667,0.542995,681.33,106.701,2.76667,0.542995,1.95823,0.219616
147,20,100,4,10,1,2500,5,0.05,0.5,0,1,33,150,0,1,1.0,0.0,0,88.2121,7.54055,2457.14,37.7922,3.78788,1.03078,234.909,6.30476,3.56212,0.619984,667.285,114.208,3.56212,0.619984,3.24967,0.283569
163,30,100,4,10,1,2500,5,0.05,0.5,0,1,33,150,0,1,1.0,0.0,0,97.6667,7.42322,2472.31,29.8155,3.69697,0.951972,398.455,5.91872,3.85909,0.682254,687.751,115.686,3.85909,0.682254,3.5288,0.237936
179,40,100,4,10,1,2500,5,0.05,0.5,0,1,33,150,0,1,1.0,0.0,0,102.091,9.43187,2462.25,31.8654,4.18182,0.5,560.636,5.53681,3.38788,0.343473,595.745,66.4647,3.38788,0.343473,3.66133,0.242047
195,50,100,4,10,1,2500,5,0.05,0.5,0,1,33,150,0,1,1.0,0.0,0,106.545,7.78657,2476.6,28.2192,4.33333,0.684653,722.606,5.92136,3.35051,0.581044,582.421,83.0738,3.35051,0.581044,3.7335,0.201701
211,60,100,4,10,1,2500,5,0.05,0.5,0,1,33,150,0,1,1.0,0.0,0,109.121,7.71264,2472.54,27.0571,4.51515,0.883883,891.364,7.88591,3.23283,0.506734,559.36,77.3911,3.23283,0.506734,3.76904,0.147004
227,70,100,4,10,1,2500,5,0.05,0.5,0,1,33,150,0,1,1.0,0.0,0,111.636,6.6606,2477.27,19.2785,4.57576,1.10397,1053.39,7.48958,3.33131,0.665399,561.753,107.012,3.33131,0.665399,3.7691,0.19725
243,80,100,4,10,1,2500,5,0.05,0.5,0,1,33,150,0,1,1.0,0.0,0,112.848,7.25483,2477.25,22.1252,4.69697,1.04583,1215.21,6.91692,3.1816,0.531131,539.888,79.8567,3.1816,0.531131,3.82537,0.135997
