seed,num_deliveries,max_len_road,max_interval_len,max_profit,max_weight,drone_battery,drone_load,height,distance,algorithm,solution_space,iterations,energy_unit_cost,energy_per_delivery,regularly_spaced,deliveries_starting_point,error,exponent,total_profit_avg,total_profit_std,total_energy_avg,total_energy_std,total_flights_avg,total_flights_std,all_flights_size_avg,all_flights_size_std,deliveries_per_flight_avg,deliveries_per_flight_std,avg_energy_per_flight_avg,avg_energy_per_flight_std,avg_weight_per_flight_avg,avg_weight_per_flight_std,n_prime_avg,n_prime_std
6,50,100,4,10,1,2500,10,0.05,0.5,3,1,33,150,0,1,0.5,0.05,0,143.333,12.5241,2385.87,95.4246,2.48485,0.75,1269.58,20.6965,9.11616,1.09805,1005.5,211.495,9.11616,1.09805,10.9725,0.146927
22,100,100,4,10,1,2500,10,0.05,0.5,3,1,33,150,0,1,0.5,0.05,0,158.061,10.1856,2417.75,74.7435,2.84848,1.0,2903.27,17.3358,8.56313,0.946721,878.473,179.039,8.56313,0.946721,11.9606,0.111119
38,150,100,4,10,1,2500,10,0.05,0.5,3,1,33,150,0,1,0.5,0.05,0,169.667,9.85414,2425.96,67.876,3.09091,0.395285,4536.61,19.6182,8.25,0.974056,796.689,105.235,8.25,0.974056,12.2303,0.0948869
54,200,100,4,10,1,2500,10,0.05,0.5,3,1,33,150,0,1,0.5,0.05,0,174.545,9.73425,2431.12,57.8223,3.15152,0.467707,6176.97,21.0119,8.30657,0.946411,781.784,78.9444,8.30657,0.946411,12.3615,0.0667268
70,250,100,4,10,1,2500,10,0.05,0.5,3,1,33,150,0,1,0.5,0.05,0,175.061,9.29361,2441.14,47.7461,3.21212,0.684653,7807.67,26.3711,8.21919,1.30534,786.692,144.111,8.21919,1.30534,12.4182,0.0748364
86,300,100,4,10,1,2500,10,0.05,0.5,3,1,33,150,0,1,0.5,0.05,0,177.667,8.36162,2452.09,49.3625,3.36364,0.829156,9450.7,21.2125,7.86364,1.47414,761.835,161.332,7.86364,1.47414,12.4959,0.0565714
