seed,num_deliveries,max_len_road,max_interval_len,max_profit,max_weight,drone_battery,drone_load,height,distance,algorithm,solution_space,iterations,energy_unit_cost,energy_per_delivery,regularly_spaced,deliveries_starting_point,error,exponent,total_profit_avg,total_profit_std,total_energy_avg,total_energy_std,total_flights_avg,total_flights_std,all_flights_size_avg,all_flights_size_std,deliveries_per_flight_avg,deliveries_per_flight_std,avg_energy_per_flight_avg,avg_energy_per_flight_std,avg_weight_per_flight_avg,avg_weight_per_flight_std,n_prime_avg,n_prime_std
8,50,100,2,10,1,5000,5,0.05,0.5,3,1,33,150,0,1,0.5,0.05,0,185.061,14.8027,4540.9,572.243,11.8182,4.05046,1393.61,7.3697,2.77604,1.21267,424.241,125.644,2.77604,1.21267,16.1251,0.0627878
24,100,100,2,10,1,5000,5,0.05,0.5,3,1,33,150,0,1,0.5,0.05,0,259.545,16.5304,4905.21,81.6234,9.36364,1.90394,4605.39,11.2236,4.31524,0.584104,539.446,85.0513,4.31524,0.584104,26.0385,0.0991764
40,150,100,2,10,1,5000,5,0.05,0.5,3,1,33,150,0,1,0.5,0.05,0,286.424,14.1488,4913.43,72.0719,9.87879,1.55121,7890.09,11.2542,4.30888,0.393214,504.651,59.4506,4.30888,0.393214,28.1092,0.0789183
56,200,100,2,10,1,5000,5,0.05,0.5,3,1,33,150,0,1,0.5,0.05,0,298.758,12.3921,4934.24,62.2,10.7273,1.5,11184.8,13.1446,4.13138,0.446078,466.097,52.9503,4.13138,0.446078,29.0187,0.0631383
72,250,100,2,10,1,5000,5,0.05,0.5,3,1,33,150,0,1,0.5,0.05,0,309.091,14.1009,4925.61,64.9805,10.7576,1.42522,14477.7,14.1388,4.1482,0.439785,463.665,54.5195,4.1482,0.439785,29.4594,0.061275
88,300,100,2,10,1,5000,5,0.05,0.5,3,1,33,150,0,1,0.5,0.05,0,324.121,12.0072,4938.46,65.8378,11.2424,1.98431,17759.5,17.9208,4.08297,0.566223,450.289,67.937,4.08297,0.566223,29.7714,0.0528317
