seed,num_deliveries,max_len_road,max_interval_len,max_profit,max_weight,drone_battery,drone_load,height,distance,algorithm,solution_space,iterations,energy_unit_cost,energy_per_delivery,regularly_spaced,deliveries_starting_point,error,exponent,total_profit_avg,total_profit_std,total_energy_avg,total_energy_std,total_flights_avg,total_flights_std,all_flights_size_avg,all_flights_size_std,deliveries_per_flight_avg,deliveries_per_flight_std,avg_energy_per_flight_avg,avg_energy_per_flight_std,avg_weight_per_flight_avg,avg_weight_per_flight_std,n_prime_avg,n_prime_std
105,50,100,2,10,1,5000,5,0.05,0.5,2,1,33,150,0,1,1.0,0.05,1,144.97,30.783,4980.52,20.2178,9.15152,1.0155,1150.76,4.99062,3.24156,0.554434,550.876,63.0066,3.24156,0.554434,13.5208,0.071797
121,100,100,2,10,1,5000,5,0.05,0.5,2,1,33,150,0,1,1.0,0.05,1,182.182,30.6476,4988.48,11.2836,8.24242,0.968246,2797.64,5.6097,3.76112,0.492504,612.513,66.933,3.76112,0.492504,14.9759,0.0431761
137,150,100,2,10,1,5000,5,0.05,0.5,2,1,33,150,0,1,1.0,0.05,1,206.667,20.8217,4991.82,7.27347,8.15152,0.847791,4442.12,7.79022,3.82446,0.414765,618.523,62.3938,3.82446,0.414765,15.3786,0.0356152
153,200,100,2,10,1,5000,5,0.05,0.5,2,1,33,150,0,1,1.0,0.05,1,215.818,21.1253,4988.64,13.0284,8.27273,0.684653,6087.03,7.02451,3.80121,0.299279,606.254,44.2846,3.80121,0.299279,15.5539,0.0387813
169,250,100,2,10,1,5000,5,0.05,0.5,2,1,33,150,0,1,1.0,0.05,1,226.182,23.4953,4990.15,8.48573,8.12121,0.829156,7734.67,9.42072,3.89363,0.412192,620.405,61.2127,3.89363,0.412192,15.6595,0.0286425
185,300,100,2,10,1,5000,5,0.05,0.5,2,1,33,150,0,1,1.0,0.05,1,240.333,22.2944,4993.12,6.72569,8.78788,1.27475,9379.33,9.37917,3.63091,0.418944,575.087,63.6963,3.63091,0.418944,15.7287,0.0271085
