seed,num_deliveries,max_len_road,max_interval_len,max_profit,max_weight,drone_battery,drone_load,height,distance,algorithm,solution_space,iterations,energy_unit_cost,energy_per_delivery,regularly_spaced,deliveries_starting_point,error,exponent,total_profit_avg,total_profit_std,total_energy_avg,total_energy_std,total_flights_avg,total_flights_std,running_time_avg,running_time_std,all_flights_size_avg,all_flights_size_std,deliveries_per_flight_avg,deliveries_per_flight_std,avg_energy_per_flight_avg,avg_energy_per_flight_std,avg_weight_per_flight_avg,avg_weight_per_flight_std
3,10,100,2,10,1,5000,10,0.05,0.5,0,1,33,150,0,1,0.5,0,0,66.8788,13.1,2136.86,526.074,4.93939,1.53093,0.0105758,0.00775818,75.1818,3.17214,2.47828,1.42887,446.393,99.4969,2.47828,1.42887
7,20,100,2,10,1,5000,10,0.05,0.5,0,1,33,150,0,1,0.5,0,0,140.333,14.6066,4025.79,707.757,9.39394,1.68634,0.0361212,0.0121931,254.697,5.45722,2.39179,0.389755,431.407,49.9014,2.39179,0.389755
11,30,100,2,10,1,5000,10,0.05,0.5,0,1,33,150,0,1,0.5,0,0,199.909,17.7911,4894.69,109.758,11.0606,1.29904,0.152273,0.0263561,534.424,5.64579,2.9486,0.404951,448.504,53.2428,2.9486,0.404951
15,40,100,2,10,1,5000,10,0.05,0.5,0,1,33,150,0,1,0.5,0,0,240.061,22.429,4933.91,59.0587,10.1818,1.5,0.492212,0.0504057,916.03,8.86179,3.99306,0.598819,493.984,67.4072,3.99306,0.598819
19,50,100,2,10,1,5000,10,0.05,0.5,0,1,33,150,0,1,0.5,0,0,285.939,22.1005,4967.92,32.4649,8.81818,1.23744,1.22803,0.0908606,1395.06,6.03635,5.47867,0.627262,569.33,59.8566,5.47867,0.627262
