num_deliveries,opt_opts_ratio_avg
10,3.0220485146681484
20,3.565839986647008
30,3.1899358242745155
40,2.8792087281623022
