seed,num_deliveries,max_len_road,max_interval_len,max_profit,max_weight,drone_battery,drone_load,height,distance,algorithm,solution_space,iterations,energy_unit_cost,energy_per_delivery,regularly_spaced,deliveries_starting_point,error,exponent,total_profit_avg,total_profit_std,total_energy_avg,total_energy_std,total_flights_avg,total_flights_std,all_flights_size_avg,all_flights_size_std,deliveries_per_flight_avg,deliveries_per_flight_std,avg_energy_per_flight_avg,avg_energy_per_flight_std,avg_weight_per_flight_avg,avg_weight_per_flight_std,n_prime_avg,n_prime_std
0,50,100,2,10,1,2500,5,0.05,0.5,2,1,33,150,0,1,0.5,0.05,0,165.0,9.20258,2486.97,9.99526,5.78788,1.0,1188.15,8.16815,4.12222,0.487422,434.215,45.4462,4.12222,0.487422,12.3617,0.131678
16,100,100,2,10,1,2500,5,0.05,0.5,2,1,33,150,0,1,0.5,0.05,0,186.879,7.84521,2489.91,9.10139,5.93939,1.10397,2812.24,11.4701,4.12092,0.408477,422.892,40.8265,4.12092,0.408477,13.6262,0.0968029
32,150,100,2,10,1,2500,5,0.05,0.5,2,1,33,150,0,1,0.5,0.05,0,194.818,9.2414,2491.79,7.36019,6.09091,0.467707,4439.12,12.3971,4.07547,0.383788,411.307,30.5817,4.07547,0.383788,13.9704,0.0562748
48,200,100,2,10,1,2500,5,0.05,0.5,2,1,33,150,0,1,0.5,0.05,0,202.515,7.85064,2490.97,8.76244,6.0303,0.395285,6057.15,10.4896,4.15339,0.300766,414.785,27.3422,4.15339,0.300766,14.1393,0.0488101
64,250,100,2,10,1,2500,5,0.05,0.5,2,1,33,150,0,1,0.5,0.05,0,205.848,8.01218,2493.52,6.99608,6.0,0.25,7683.21,13.5381,4.21501,0.233549,416.307,18.1289,4.21501,0.233549,14.2346,0.0445728
80,300,100,2,10,1,2500,5,0.05,0.5,2,1,33,150,0,1,0.5,0.05,0,205.455,7.50454,2492.39,6.80046,6.18182,0.612372,9304.42,16.1458,4.06519,0.413512,406.462,36.2899,4.06519,0.413512,14.2838,0.0398108
