seed,num_deliveries,max_len_road,max_interval_len,max_profit,max_weight,drone_battery,drone_load,height,distance,algorithm,solution_space,iterations,energy_unit_cost,energy_per_delivery,regularly_spaced,deliveries_starting_point,error,exponent,total_profit_avg,total_profit_std,total_energy_avg,total_energy_std,total_flights_avg,total_flights_std,all_flights_size_avg,all_flights_size_std,deliveries_per_flight_avg,deliveries_per_flight_std,avg_energy_per_flight_avg,avg_energy_per_flight_std,avg_weight_per_flight_avg,avg_weight_per_flight_std,n_prime_avg,n_prime_std
105,50,100,2,10,1,5000,5,0.05,0.5,6,1,33,150,0,1,1.0,0.05,1,134.455,29.0346,4919.6,60.8967,11.6061,1.34629,1150.76,4.99062,2.4864,0.322822,428.282,44.5143,2.4864,0.322822,0.0,0.0
121,100,100,2,10,1,5000,5,0.05,0.5,6,1,33,150,0,1,1.0,0.05,1,173.424,30.993,4920.32,45.6503,11.0606,1.25,2797.64,5.6097,2.71292,0.299762,449.9,46.7215,2.71292,0.299762,0.0,0.0
137,150,100,2,10,1,5000,5,0.05,0.5,6,1,33,150,0,1,1.0,0.05,1,199.394,21.1157,4936.88,48.475,10.7576,1.68634,4442.12,7.79022,2.83217,0.381061,467.042,61.4599,2.83217,0.381061,0.0,0.0
153,200,100,2,10,1,5000,5,0.05,0.5,6,1,33,150,0,1,1.0,0.05,1,207.606,21.3862,4921.16,48.5298,10.8485,1.5411,6087.03,7.02451,2.81986,0.341017,459.606,52.9259,2.81986,0.341017,0.0,0.0
169,250,100,2,10,1,5000,5,0.05,0.5,6,1,33,150,0,1,1.0,0.05,1,218.758,23.1517,4938.03,37.5932,10.9091,1.76777,7734.67,9.42072,2.83488,0.40149,460.805,61.5689,2.83488,0.40149,0.0,0.0
185,300,100,2,10,1,5000,5,0.05,0.5,6,1,33,150,0,1,1.0,0.05,1,233.788,21.7683,4940.79,42.8607,11.1212,1.39194,9379.33,9.37917,2.82508,0.341262,450.877,55.3074,2.82508,0.341262,0.0,0.0
