seed,num_deliveries,max_len_road,max_interval_len,max_profit,max_weight,drone_battery,drone_load,height,distance,algorithm,solution_space,iterations,energy_unit_cost,energy_per_delivery,regularly_spaced,deliveries_starting_point,error,exponent,total_profit_avg,total_profit_std,total_energy_avg,total_energy_std,total_flights_avg,total_flights_std,all_flights_size_avg,all_flights_size_std,deliveries_per_flight_avg,deliveries_per_flight_std,avg_energy_per_flight_avg,avg_energy_per_flight_std,avg_weight_per_flight_avg,avg_weight_per_flight_std,n_prime_avg,n_prime_std
4,50,100,2,10,1,2500,10,0.05,0.5,3,1,33,150,0,1,0.5,0.05,0,158.333,13.658,2435.96,55.8039,3.12121,0.559017,1187.06,10.497,8.37576,1.18725,801.5,134.381,8.37576,1.18725,12.3998,0.127399
20,100,100,2,10,1,2500,10,0.05,0.5,3,1,33,150,0,1,0.5,0.05,0,174.758,10.1674,2433.79,72.2435,3.24242,0.5,2810.64,8.38339,8.26768,0.977116,761.517,86.9242,8.26768,0.977116,13.627,0.0765374
36,150,100,2,10,1,2500,10,0.05,0.5,3,1,33,150,0,1,0.5,0.05,0,183.545,9.56259,2442.86,45.1829,3.45455,0.847791,4432.52,10.3002,8.01869,1.40731,729.737,116.427,8.01869,1.40731,13.9852,0.0647884
52,200,100,2,10,1,2500,10,0.05,0.5,3,1,33,150,0,1,0.5,0.05,0,189.212,7.73287,2455.38,44.7008,3.45455,0.770552,6061.94,11.4578,7.89596,1.43523,730.161,113.915,7.89596,1.43523,14.139,0.059266
68,250,100,2,10,1,2500,10,0.05,0.5,3,1,33,150,0,1,0.5,0.05,0,191.788,7.56537,2428.55,62.2586,3.39394,0.728869,7683.36,15.3114,8.13586,1.34118,734.552,111.689,8.13586,1.34118,14.2395,0.0554788
84,300,100,2,10,1,2500,10,0.05,0.5,3,1,33,150,0,1,0.5,0.05,0,193.818,8.88979,2442.99,56.7975,3.57576,0.883883,9304.33,14.8482,7.71515,1.38356,704.824,122.833,7.71515,1.38356,14.2973,0.0402367
