seed,num_deliveries,max_len_road,max_interval_len,max_profit,max_weight,drone_battery,drone_load,height,distance,algorithm,solution_space,iterations,energy_unit_cost,energy_per_delivery,regularly_spaced,deliveries_starting_point,error,exponent,total_profit_avg,total_profit_std,total_energy_avg,total_energy_std,total_flights_avg,total_flights_std,all_flights_size_avg,all_flights_size_std,deliveries_per_flight_avg,deliveries_per_flight_std,avg_energy_per_flight_avg,avg_energy_per_flight_std,avg_weight_per_flight_avg,avg_weight_per_flight_std,n_prime_avg,n_prime_std
104,50,100,2,10,1,5000,5,0.05,0.5,2,1,33,150,0,1,0.5,0.05,1,154.97,42.4937,4966.91,35.8455,12.2121,0.883883,1395.42,9.06228,3.28598,0.250559,408.658,28.8276,3.28598,0.250559,16.1092,0.0776436
120,100,100,2,10,1,5000,5,0.05,0.5,2,1,33,150,0,1,0.5,0.05,1,247.182,36.1485,4983.52,13.9421,11.697,1.04583,4604.73,11.6216,4.08951,0.336451,427.846,28.2417,4.08951,0.336451,26.0313,0.0882099
136,150,100,2,10,1,5000,5,0.05,0.5,2,1,33,150,0,1,0.5,0.05,1,286.0,34.1101,4984.27,15.3893,11.303,0.707107,7893.39,10.1965,4.37087,0.300431,442.244,23.4777,4.37087,0.300431,28.147,0.081982
152,200,100,2,10,1,5000,5,0.05,0.5,2,1,33,150,0,1,0.5,0.05,1,310.606,36.9349,4988.94,8.57664,11.0909,0.586302,11185.5,15.5352,4.48751,0.266279,451.011,23.5594,4.48751,0.266279,28.9834,0.0552268
168,250,100,2,10,1,5000,5,0.05,0.5,2,1,33,150,0,1,0.5,0.05,1,331.424,38.9182,4992.82,7.05981,11.2121,0.53033,14477.0,17.6352,4.44766,0.202964,446.094,18.8458,4.44766,0.202964,29.4535,0.0472398
184,300,100,2,10,1,5000,5,0.05,0.5,2,1,33,150,0,1,0.5,0.05,1,339.091,34.4895,4991.82,6.86228,11.1212,0.5,17760.9,17.9626,4.54449,0.212825,449.678,19.5296,4.54449,0.212825,29.7456,0.045718
