seed,num_deliveries,max_len_road,max_interval_len,max_profit,max_weight,drone_battery,drone_load,height,distance,algorithm,solution_space,iterations,energy_unit_cost,energy_per_delivery,regularly_spaced,deliveries_starting_point,error,exponent,total_profit_avg,total_profit_std,total_energy_avg,total_energy_std,total_flights_avg,total_flights_std,running_time_avg,running_time_std,all_flights_size_avg,all_flights_size_std,deliveries_per_flight_avg,deliveries_per_flight_std,avg_energy_per_flight_avg,avg_energy_per_flight_std,avg_weight_per_flight_avg,avg_weight_per_flight_std
1,10,100,2,10,1,2500,10,0.05,0.5,0,1,33,150,0,1,0.5,0,0,63.2727,11.2006,1817.49,443.641,4.30303,1.41421,0.00412121,0.0010234,75.6364,3.60988,2.85303,1.63965,447.301,109.216,2.85303,1.63965
5,20,100,2,10,1,2500,10,0.05,0.5,0,1,33,150,0,1,0.5,0,0,118.273,11.6921,2401.18,93.7909,5.12121,0.935414,0.0367879,0.00855408,255.758,4.93394,4.02027,0.874107,482.799,81.0336,4.02027,0.874107
9,30,100,2,10,1,2500,10,0.05,0.5,0,1,33,150,0,1,0.5,0,0,159.364,13.7972,2464.23,24.3834,3.72727,0.935414,0.154636,0.0233798,534.636,6.43962,7.39444,1.3659,676.827,106.597,7.39444,1.3659
13,40,100,2,10,1,2500,10,0.05,0.5,0,1,33,150,0,1,0.5,0,0,176.758,14.2588,2481.27,19.8998,3.78788,0.968246,0.400515,0.0388468,861.879,7.41409,7.30657,1.19588,669.057,101.798,7.30657,1.19588
17,50,100,2,10,1,2500,10,0.05,0.5,0,1,33,150,0,1,0.5,0,0,178.788,10.5141,2482.75,18.0121,3.72727,0.935414,0.673061,0.0673113,1184.85,9.76281,7.49192,1.26713,681.896,107.112,7.49192,1.26713
