num_deliveries,opt_opts_ratio_avg
10,2.994562850485123
20,2.6520173472914363
30,2.1438545650234198
