seed,num_deliveries,max_len_road,max_interval_len,max_profit,max_weight,drone_battery,drone_load,height,distance,algorithm,solution_space,iterations,energy_unit_cost,energy_per_delivery,regularly_spaced,deliveries_starting_point,error,exponent,total_profit_avg,total_profit_std,total_energy_avg,total_energy_std,total_flights_avg,total_flights_std,running_time_avg,running_time_std,all_flights_size_avg,all_flights_size_std
98,10,100,8,10,1,5000,5,0.05,0.5,6,4,33,150,30,0,1,0,0,43.9091,6.99269,4573.81,296.423,4.75758,1.10397,0.0,0.0,52.4848,13.2335
102,20,100,8,10,1,5000,5,0.05,0.5,6,4,33,150,30,0,1,0,0,69.0606,10.8971,4794.4,212.46,5.72727,1.32288,0.000121212,0.000415149,284.455,38.4687
106,30,100,8,10,1,5000,5,0.05,0.5,6,4,33,150,30,0,1,0,0,90.9091,15.1459,4756.69,186.135,6.24242,1.25,0.00118182,0.000583874,682.455,59.7168
110,40,100,8,10,1,5000,5,0.05,0.5,6,4,33,150,30,0,1,0,0,110.333,16.5523,4842.45,123.765,6.39394,0.984251,0.00460606,0.00119738,1288.36,82.5447
162,50,100,8,10,1,5000,5,0.05,0.5,6,4,33,150,30,0,1,0,0,121.121,12.9729,4831.28,122.996,6.93939,1.44698,0.0122121,0.00248442,2115.45,142.848
166,60,100,8,10,1,5000,5,0.05,0.5,6,4,33,150,30,0,1,0,0,140.576,14.9416,4866.73,102.981,7.18182,1.22474,0.0266364,0.00352507,3071.12,129.519
266,70,100,8,10,1,5000,5,0.05,0.5,6,4,33,150,30,0,1,0,0,148.697,15.7767,4862.39,102.005,7.45455,1.21192,0.0558182,0.00826686,4295.12,224.954
270,80,100,8,10,1,5000,5,0.05,0.5,6,4,33,150,30,0,1,0,0,157.667,16.4272,4875.29,105.27,7.69697,1.26244,0.106697,0.0141851,5723.24,264.132
274,90,100,8,10,1,5000,5,0.05,0.5,6,4,33,150,30,0,1,0,0,170.152,13.1865,4880.77,83.7918,7.57576,1.33463,0.181424,0.0205913,7237.52,283.53
