num_deliveries,opt_opts_ratio_avg
10,1.3784293320060934
20,1.0540133929666484
30,1.0391233287176809
40,1.0063234755115322
