seed,num_deliveries,max_len_road,max_interval_len,max_profit,max_weight,drone_battery,drone_load,height,distance,algorithm,solution_space,iterations,energy_unit_cost,energy_per_delivery,regularly_spaced,deliveries_starting_point,error,exponent,total_profit_avg,total_profit_std,total_energy_avg,total_energy_std,total_flights_avg,total_flights_std,all_flights_size_avg,all_flights_size_std,deliveries_per_flight_avg,deliveries_per_flight_std,avg_energy_per_flight_avg,avg_energy_per_flight_std,avg_weight_per_flight_avg,avg_weight_per_flight_std,n_prime_avg,n_prime_std
101,50,100,2,10,1,2500,10,0.05,0.5,3,1,33,150,0,1,1.0,0.05,1,75.7273,15.9222,2402.02,109.267,2.9697,1.73205,704.121,5.25595,5.72511,2.02688,937.265,295.801,5.72511,2.02688,7.29997,0.0482414
117,100,100,2,10,1,2500,10,0.05,0.5,3,1,33,150,0,1,1.0,0.05,1,97.9091,16.0534,2428.45,70.1006,3.06061,1.1726,1515.27,5.28855,5.40628,1.80085,890.923,283.93,5.40628,1.80085,7.57372,0.0381319
133,150,100,2,10,1,2500,10,0.05,0.5,3,1,33,150,0,1,1.0,0.05,1,107.788,14.6325,2433.51,49.5942,3.09091,1.28695,2329.12,7.85414,5.61768,1.99603,900.398,299.761,5.61768,1.99603,7.65086,0.0319731
149,200,100,2,10,1,2500,10,0.05,0.5,3,1,33,150,0,1,1.0,0.05,1,110.182,9.89146,2422.86,68.3245,2.84848,1.22474,3141.94,9.00174,5.73889,1.68374,924.186,256.855,5.73889,1.68374,7.68146,0.0307012
165,250,100,2,10,1,2500,10,0.05,0.5,3,1,33,150,0,1,1.0,0.05,1,114.697,10.291,2434.19,63.1191,3.12121,1.22474,3958.21,10.4208,5.41616,1.85472,879.129,280.791,5.41616,1.85472,7.69768,0.0242856
181,300,100,2,10,1,2500,10,0.05,0.5,3,1,33,150,0,1,1.0,0.05,1,120.576,8.38164,2440.11,48.7137,2.81818,1.18585,4766.7,10.1597,5.91061,1.70818,937.55,254.668,5.91061,1.70818,7.70954,0.0186265
