seed,num_deliveries,max_len_road,max_interval_len,max_profit,max_weight,drone_battery,drone_load,height,distance,algorithm,solution_space,iterations,energy_unit_cost,energy_per_delivery,regularly_spaced,deliveries_starting_point,error,exponent,total_profit_avg,total_profit_std,total_energy_avg,total_energy_std,total_flights_avg,total_flights_std,all_flights_size_avg,all_flights_size_std,deliveries_per_flight_avg,deliveries_per_flight_std,avg_energy_per_flight_avg,avg_energy_per_flight_std,avg_weight_per_flight_avg,avg_weight_per_flight_std,n_prime_avg,n_prime_std
106,50,100,4,10,1,5000,5,0.05,0.5,6,1,33,150,0,1,0.5,0.05,1,126.818,34.2951,4660.1,340.047,10.0303,1.04583,1534.42,15.0104,3.35833,0.310989,467.826,44.3392,3.35833,0.310989,0.0,0.0
122,100,100,4,10,1,5000,5,0.05,0.5,6,1,33,150,0,1,0.5,0.05,1,191.485,35.6862,4922.5,67.3012,11.2727,1.04583,4788.33,21.1786,3.7586,0.39948,439.959,38.6321,3.7586,0.39948,0.0,0.0
138,150,100,4,10,1,5000,5,0.05,0.5,6,1,33,150,0,1,0.5,0.05,1,245.545,31.6614,4950.67,46.0866,11.5758,1.07529,8095.73,31.24,3.88674,0.378589,430.121,32.6835,3.88674,0.378589,0.0,0.0
154,200,100,4,10,1,5000,5,0.05,0.5,6,1,33,150,0,1,0.5,0.05,1,272.788,32.6915,4944.99,51.1466,11.1818,0.866025,11398.1,21.841,4.10639,0.283881,444.654,33.354,4.10639,0.283881,0.0,0.0
170,250,100,4,10,1,5000,5,0.05,0.5,6,1,33,150,0,1,0.5,0.05,1,293.939,25.7536,4940.11,39.6746,11.3939,0.918559,14694.6,28.4621,4.06831,0.338867,435.696,30.4426,4.06831,0.338867,0.0,0.0
186,300,100,4,10,1,5000,5,0.05,0.5,6,1,33,150,0,1,0.5,0.05,1,311.455,22.7323,4936.23,53.6711,11.303,0.829156,17999.4,25.1719,4.10771,0.265603,438.611,28.9906,4.10771,0.265603,0.0,0.0
