seed,num_deliveries,max_len_road,max_interval_len,max_profit,max_weight,drone_battery,drone_load,height,distance,algorithm,solution_space,iterations,energy_unit_cost,energy_per_delivery,regularly_spaced,deliveries_starting_point,error,exponent,total_profit_avg,total_profit_std,total_energy_avg,total_energy_std,total_flights_avg,total_flights_std,all_flights_size_avg,all_flights_size_std,deliveries_per_flight_avg,deliveries_per_flight_std,avg_energy_per_flight_avg,avg_energy_per_flight_std,avg_weight_per_flight_avg,avg_weight_per_flight_std
87,10,100,4,10,5,2500,10,0.05,0.5,0,1,5,150,0,1,1.0,0,0,59.0,5.19615,2385.09,120.322,4.2,0.866025,74.2,2.78388,2.16333,0.45375,589.714,140.713,6.71667,1.45249
103,20,100,4,10,5,2500,10,0.05,0.5,0,1,5,150,0,1,1.0,0,0,83.4,9.34345,2440.8,27.3734,4.2,0.866025,234.6,9.98749,2.90667,0.357965,602.831,138.27,7.61667,1.122
119,30,100,4,10,5,2500,10,0.05,0.5,0,1,5,150,0,1,1.0,0,0,91.0,5.38516,2476.81,28.393,5.6,0.866025,393.0,6.81909,2.36,0.146059,445.52,41.488,7.3,0.368179
135,40,100,4,10,5,2500,10,0.05,0.5,0,1,5,150,0,1,1.0,0,0,98.0,14.7139,2461.63,29.2008,5.8,1.22474,557.8,11.0227,2.3619,0.16413,431.131,58.9254,8.16095,0.726049
151,50,100,4,10,5,2500,10,0.05,0.5,0,1,5,150,0,1,1.0,0,0,102.0,9.51315,2463.84,21.0978,5.2,1.11803,723.6,5.26783,2.46286,0.492557,488.704,90.2538,7.06571,1.12891
