num_deliveries,opt_opts_ratio_avg
10,3.4246396680578473
20,3.248461351581164
30,2.551207482870926
