seed,num_deliveries,max_len_road,max_interval_len,max_profit,max_weight,drone_battery,drone_load,height,distance,algorithm,solution_space,iterations,energy_unit_cost,energy_per_delivery,regularly_spaced,deliveries_starting_point,error,exponent,total_profit_avg,total_profit_std,total_energy_avg,total_energy_std,total_flights_avg,total_flights_std,all_flights_size_avg,all_flights_size_std,deliveries_per_flight_avg,deliveries_per_flight_std,avg_energy_per_flight_avg,avg_energy_per_flight_std,avg_weight_per_flight_avg,avg_weight_per_flight_std
15,10,100,4,10,1,5000,10,0.05,0.5,0,1,5,150,0,1,1.0,0,0,75.0,13.6198,3861.74,959.339,5.4,1.22474,73.4,1.58114,2.11667,0.162447,714.166,86.0128,2.11667,0.162447
31,20,100,4,10,1,5000,10,0.05,0.5,0,1,5,150,0,1,1.0,0,0,130.2,8.01249,4917.91,99.2942,5.8,1.41421,255.6,1.93649,3.70476,1.03189,875.182,181.645,3.70476,1.03189
47,30,100,4,10,1,5000,10,0.05,0.5,0,1,5,150,0,1,1.0,0,0,173.2,13.5904,4965.73,14.4821,5.0,0.707107,536.8,5.70088,5.79667,1.04086,1009.51,146.253,5.79667,1.04086
63,40,100,4,10,1,5000,10,0.05,0.5,0,1,5,150,0,1,1.0,0,0,194.6,6.84105,4963.12,21.5228,4.4,0.707107,871.4,8.60233,6.91,0.963328,1141.81,138.881,6.91,0.963328
79,50,100,4,10,1,5000,10,0.05,0.5,0,1,5,150,0,1,1.0,0,0,199.2,17.4843,4986.98,3.34134,5.6,0.866025,1195.2,8.58778,5.46667,0.51908,897.7,91.6032,5.46667,0.51908
