seed,num_deliveries,max_len_road,max_interval_len,max_profit,max_weight,drone_battery,drone_load,height,distance,algorithm,solution_space,iterations,energy_unit_cost,energy_per_delivery,regularly_spaced,deliveries_starting_point,error,exponent,total_profit_avg,total_profit_std,total_energy_avg,total_energy_std,total_flights_avg,total_flights_std,all_flights_size_avg,all_flights_size_std,deliveries_per_flight_avg,deliveries_per_flight_std,avg_energy_per_flight_avg,avg_energy_per_flight_std,avg_weight_per_flight_avg,avg_weight_per_flight_std
12,10,100,2,10,1,5000,10,0.05,0.5,0,1,5,150,0,1,0.5,0,0,70.8,6.41872,1899.81,132.225,5.0,0.707107,75.2,4.33013,2.0,0.0,387.035,64.8632,2.0,0.0
28,20,100,2,10,1,5000,10,0.05,0.5,0,1,5,150,0,1,0.5,0,0,128.6,15.3558,4414.8,388.632,9.6,0.866025,255.8,2.91548,2.27556,0.172025,459.722,27.8256,2.27556,0.172025
44,30,100,2,10,1,5000,10,0.05,0.5,0,1,5,150,0,1,0.5,0,0,190.0,9.66954,4794.95,243.178,11.0,2.12132,537.6,5.63471,2.9821,0.715794,447.41,75.0129,2.9821,0.715794
60,40,100,2,10,1,5000,10,0.05,0.5,0,1,5,150,0,1,0.5,0,0,244.0,25.6905,4958.07,45.1715,10.0,0.707107,916.6,10.6184,4.02808,0.179233,497.987,38.6548,4.02808,0.179233
76,50,100,2,10,1,5000,10,0.05,0.5,0,1,5,150,0,1,0.5,0,0,272.8,15.8651,4985.6,8.40058,9.2,0.866025,1390.0,6.63325,5.25111,0.485951,545.665,51.7074,5.25111,0.485951
