seed,num_deliveries,max_len_road,max_interval_len,max_profit,max_weight,drone_battery,drone_load,height,distance,algorithm,solution_space,iterations,energy_unit_cost,energy_per_delivery,regularly_spaced,deliveries_starting_point,error,exponent,total_profit_avg,total_profit_std,total_energy_avg,total_energy_std,total_flights_avg,total_flights_std,all_flights_size_avg,all_flights_size_std,deliveries_per_flight_avg,deliveries_per_flight_std,avg_energy_per_flight_avg,avg_energy_per_flight_std,avg_weight_per_flight_avg,avg_weight_per_flight_std,n_prime_avg,n_prime_std
203,50,100,4,10,1,5000,5,0.05,0.5,2,1,33,150,0,1,1.0,0.05,2,55.9394,15.0103,4964.48,38.1437,7.24242,0.866025,1196.48,10.0809,3.9501,0.497156,693.888,76.6689,3.9501,0.497156,12.5363,0.112715
219,100,100,4,10,1,5000,5,0.05,0.5,2,1,33,150,0,1,1.0,0.05,2,103.909,28.0472,4980.76,20.924,7.72727,1.03078,2845.3,9.33742,3.59359,0.364451,649.931,60.3366,3.59359,0.364451,13.8849,0.0693866
235,150,100,4,10,1,5000,5,0.05,0.5,2,1,33,150,0,1,1.0,0.05,2,115.97,26.009,4979.97,18.1771,7.51515,1.0155,4499.55,11.0708,3.82833,0.448006,671.328,78.3083,3.82833,0.448006,14.2328,0.0582015
251,200,100,4,10,1,5000,5,0.05,0.5,2,1,33,150,0,1,1.0,0.05,2,123.333,20.9965,4975.33,27.899,7.60606,1.27475,6147.64,16.3698,3.87303,0.520729,667.357,94.5135,3.87303,0.520729,14.399,0.052731
267,250,100,4,10,1,5000,5,0.05,0.5,2,1,33,150,0,1,1.0,0.05,2,148.182,22.6391,4981.21,18.6644,7.48485,0.707107,7800.94,13.621,3.90639,0.275017,668.506,45.6945,3.90639,0.275017,14.4909,0.0610245
283,300,100,4,10,1,5000,5,0.05,0.5,2,1,33,150,0,1,1.0,0.05,2,137.576,29.4735,4984.27,14.4639,7.69697,0.951972,9455.39,16.0925,3.82985,0.308668,651.815,53.2004,3.82985,0.308668,14.5546,0.0476371
