num_deliveries,opt_opts_ratio_avg
10,1.8268689324825862
20,1.5796114200383002
30,1.295164503313847
40,1.2011894573626036
