seed,num_deliveries,max_len_road,max_interval_len,max_profit,max_weight,drone_battery,drone_load,height,distance,algorithm,solution_space,iterations,energy_unit_cost,energy_per_delivery,regularly_spaced,deliveries_starting_point,error,exponent,total_profit_avg,total_profit_std,total_energy_avg,total_energy_std,total_flights_avg,total_flights_std,all_flights_size_avg,all_flights_size_std,deliveries_per_flight_avg,deliveries_per_flight_std,avg_energy_per_flight_avg,avg_energy_per_flight_std,avg_weight_per_flight_avg,avg_weight_per_flight_std,n_prime_avg,n_prime_std
3,50,100,4,10,1,2500,5,0.05,0.5,6,1,33,150,0,1,1.0,0.05,0,103.667,8.93612,2399.84,77.6945,5.06061,0.866025,723.879,8.60051,2.80245,0.507991,486.048,74.3612,2.80245,0.507991,0.0,0.0
19,100,100,4,10,1,2500,5,0.05,0.5,6,1,33,150,0,1,1.0,0.05,0,114.333,6.55585,2438.82,46.7161,5.69697,1.10397,1543.64,9.38916,2.57121,0.494883,437.524,67.1158,2.57121,0.494883,0.0,0.0
35,150,100,4,10,1,2500,5,0.05,0.5,6,1,33,150,0,1,1.0,0.05,0,120.97,6.85786,2439.94,43.6459,5.51515,0.918559,2362.03,9.56393,2.70278,0.352796,449.413,54.2963,2.70278,0.352796,0.0,0.0
51,200,100,4,10,1,2500,5,0.05,0.5,6,1,33,150,0,1,1.0,0.05,0,123.333,5.34829,2424.66,46.2152,5.75758,1.33463,3183.27,10.0794,2.63034,0.509303,435.234,78.9896,2.63034,0.509303,0.0,0.0
67,250,100,4,10,1,2500,5,0.05,0.5,6,1,33,150,0,1,1.0,0.05,0,126.576,5.54544,2427.45,45.848,5.81818,1.26244,4003.91,12.3693,2.60649,0.493769,428.751,74.0446,2.60649,0.493769,0.0,0.0
83,300,100,4,10,1,2500,5,0.05,0.5,6,1,33,150,0,1,1.0,0.05,0,128.091,5.75741,2428.45,47.2865,6.48485,1.29904,4819.58,17.1892,2.38438,0.625549,390.905,98.855,2.38438,0.625549,0.0,0.0
