seed,num_deliveries,max_len_road,max_interval_len,max_profit,max_weight,drone_battery,drone_load,height,distance,algorithm,solution_space,iterations,energy_unit_cost,energy_per_delivery,regularly_spaced,deliveries_starting_point,error,exponent,total_profit_avg,total_profit_std,total_energy_avg,total_energy_std,total_flights_avg,total_flights_std,all_flights_size_avg,all_flights_size_std,deliveries_per_flight_avg,deliveries_per_flight_std,avg_energy_per_flight_avg,avg_energy_per_flight_std,avg_weight_per_flight_avg,avg_weight_per_flight_std,n_prime_avg,n_prime_std
98,50,100,4,10,1,2500,5,0.05,0.5,6,1,33,150,0,1,0.5,0.05,1,103.667,21.877,2406.35,59.0664,5.78788,1.03078,1264.42,15.8804,3.72107,0.465526,420.29,42.8468,3.72107,0.465526,0.0,0.0
114,100,100,4,10,1,2500,5,0.05,0.5,6,1,33,150,0,1,0.5,0.05,1,138.424,17.9583,2426.65,63.9454,5.63636,0.951972,2906.45,21.3315,4.08398,0.486471,436.585,52.3059,4.08398,0.486471,0.0,0.0
130,150,100,4,10,1,2500,5,0.05,0.5,6,1,33,150,0,1,0.5,0.05,1,157.091,19.446,2442.71,41.2001,5.78788,1.03078,4534.3,21.5754,3.98644,0.476558,426.685,43.1102,3.98644,0.476558,0.0,0.0
146,200,100,4,10,1,2500,5,0.05,0.5,6,1,33,150,0,1,0.5,0.05,1,163.152,20.4834,2437.79,45.2762,5.72727,0.968246,6177.18,19.224,4.0987,0.461389,430.165,43.2305,4.0987,0.461389,0.0,0.0
162,250,100,4,10,1,2500,5,0.05,0.5,6,1,33,150,0,1,0.5,0.05,1,167.091,19.3736,2449.58,45.6399,5.87879,1.10397,7807.39,20.7312,3.96623,0.511567,421.154,42.3742,3.96623,0.511567,0.0,0.0
178,300,100,4,10,1,2500,5,0.05,0.5,6,1,33,150,0,1,0.5,0.05,1,173.848,17.2774,2456.83,40.8933,5.87879,1.07529,9444.58,23.2883,4.0518,0.44306,421.924,41.2363,4.0518,0.44306,0.0,0.0
