seed,num_deliveries,max_len_road,max_interval_len,max_profit,max_weight,drone_battery,drone_load,height,distance,algorithm,solution_space,iterations,energy_unit_cost,energy_per_delivery,regularly_spaced,deliveries_starting_point,error,exponent,total_profit_avg,total_profit_std,total_energy_avg,total_energy_std,total_flights_avg,total_flights_std,running_time_avg,running_time_std,all_flights_size_avg,all_flights_size_std
96,10,100,8,10,1,2500,5,0.05,0.5,3,4,33,150,30,0,1,0,0,25.5758,7.22855,2218.65,182.799,2.39394,1.04583,0.0,0.0,26.1212,6.37377
100,20,100,8,10,1,2500,5,0.05,0.5,3,4,33,150,30,0,1,0,0,34.6667,5.9196,2249.28,203.875,2.51515,1.26244,0.0,0.0,105.576,24.3689
104,30,100,8,10,1,2500,5,0.05,0.5,3,4,33,150,30,0,1,0,0,43.3636,8.96109,2243.11,201.935,2.57576,1.28695,0.000151515,0.000441674,245.606,41.7478
108,40,100,8,10,1,2500,5,0.05,0.5,3,4,33,150,30,0,1,0,0,49.5758,6.65691,2329.07,127.925,2.87879,1.42522,0.000424242,0.000791766,467.788,62.3909
160,50,100,8,10,1,2500,5,0.05,0.5,3,4,33,150,30,0,1,0,0,55.9697,7.52282,2268.12,194.526,2.78788,1.41421,0.00133333,0.000777282,764.636,59.4877
164,60,100,8,10,1,2500,5,0.05,0.5,3,4,33,150,30,0,1,0,0,61.4242,8.21595,2317.95,174.516,3.12121,1.06066,0.00269697,0.00104537,1133.12,67.062
264,70,100,8,10,1,2500,5,0.05,0.5,3,4,33,150,30,0,1,0,0,66.1818,6.74284,2312.41,145.689,2.63636,1.10397,0.00509091,0.00154846,1614.42,94.9556
268,80,100,8,10,1,2500,5,0.05,0.5,3,4,33,150,30,0,1,0,0,67.303,6.61667,2329.96,147.558,2.78788,1.39194,0.00815152,0.00222375,2155.52,127.375
272,90,100,8,10,1,2500,5,0.05,0.5,3,4,33,150,30,0,1,0,0,70.6061,5.56742,2326.1,162.59,3.39394,1.26244,0.0138788,0.00255878,2783.21,129.613
