seed,num_deliveries,max_len_road,max_interval_len,max_profit,max_weight,drone_battery,drone_load,height,distance,algorithm,solution_space,iterations,energy_unit_cost,energy_per_delivery,regularly_spaced,deliveries_starting_point,error,exponent,total_profit_avg,total_profit_std,total_energy_avg,total_energy_std,total_flights_avg,total_flights_std,all_flights_size_avg,all_flights_size_std,deliveries_per_flight_avg,deliveries_per_flight_std,avg_energy_per_flight_avg,avg_energy_per_flight_std,avg_weight_per_flight_avg,avg_weight_per_flight_std,n_prime_avg,n_prime_std
200,50,100,2,10,1,5000,5,0.05,0.5,3,1,33,150,0,1,0.5,0.05,2,73.4242,21.9702,4890.4,97.1562,14.2121,1.31101,1394.94,6.48315,1.89556,0.0918704,347.16,35.3354,1.89556,0.0918704,16.1165,0.0553357
216,100,100,2,10,1,5000,5,0.05,0.5,3,1,33,150,0,1,0.5,0.05,2,100.152,23.3025,4885.9,81.152,12.1212,2.63391,4604.73,10.2195,3.13548,1.14939,422.419,94.8499,3.13548,1.14939,26.0405,0.0969537
232,150,100,2,10,1,5000,5,0.05,0.5,3,1,33,150,0,1,0.5,0.05,2,115.879,20.4706,4902.17,84.8846,12.0606,3.44601,7893.03,13.1945,3.2884,1.31723,440.731,125.599,3.2884,1.31723,28.1548,0.0866378
248,200,100,2,10,1,5000,5,0.05,0.5,3,1,33,150,0,1,0.5,0.05,2,137.303,22.0999,4923.83,65.9393,11.0303,2.54337,11183.9,11.5515,3.70151,0.94967,466.135,90.8057,3.70151,0.94967,28.9912,0.0505972
264,250,100,2,10,1,5000,5,0.05,0.5,3,1,33,150,0,1,0.5,0.05,2,148.424,24.9963,4905.99,79.6487,10.2424,2.23607,14474.5,15.0644,4.06806,0.821766,497.313,90.3381,4.06806,0.821766,29.4597,0.0551879
280,300,100,2,10,1,5000,5,0.05,0.5,3,1,33,150,0,1,0.5,0.05,2,152.394,26.7055,4904.62,78.0428,10.2727,2.20085,17768.8,15.0385,4.10237,0.78638,494.625,85.7805,4.10237,0.78638,29.7577,0.0483213
