seed,num_deliveries,max_len_road,max_interval_len,max_profit,max_weight,drone_battery,drone_load,height,distance,algorithm,solution_space,iterations,energy_unit_cost,energy_per_delivery,regularly_spaced,deliveries_starting_point,error,exponent,total_profit_avg,total_profit_std,total_energy_avg,total_energy_std,total_flights_avg,total_flights_std,all_flights_size_avg,all_flights_size_std,deliveries_per_flight_avg,deliveries_per_flight_std,avg_energy_per_flight_avg,avg_energy_per_flight_std,avg_weight_per_flight_avg,avg_weight_per_flight_std,n_prime_avg,n_prime_std
192,50,100,2,10,1,2500,5,0.05,0.5,6,1,33,150,0,1,0.5,0.05,2,54.9394,16.9962,2432.7,47.2106,6.27273,0.684653,1186.3,7.59934,3.73979,0.473075,391.139,35.0718,3.73979,0.473075,0.0,0.0
208,100,100,2,10,1,2500,5,0.05,0.5,6,1,33,150,0,1,0.5,0.05,2,82.1515,18.603,2442.17,48.33,6.30303,0.707107,2810.58,9.70341,3.77435,0.490594,390.959,36.7082,3.77435,0.490594,0.0,0.0
224,150,100,2,10,1,2500,5,0.05,0.5,6,1,33,150,0,1,0.5,0.05,2,97.6061,22.8199,2440.98,37.9909,6.33333,0.770552,4434.27,8.86884,3.72377,0.463672,389.579,40.0418,3.72377,0.463672,0.0,0.0
240,200,100,2,10,1,2500,5,0.05,0.5,6,1,33,150,0,1,0.5,0.05,2,108.333,24.9558,2432.82,47.1331,5.9697,1.11803,6058.52,10.8901,4.00707,0.413447,410.41,34.6321,4.00707,0.413447,0.0,0.0
256,250,100,2,10,1,2500,5,0.05,0.5,6,1,33,150,0,1,0.5,0.05,2,119.788,23.5873,2447.63,40.2659,6.12121,0.829156,7681.21,11.0326,3.9715,0.610546,406.432,51.6848,3.9715,0.610546,0.0,0.0
272,300,100,2,10,1,2500,5,0.05,0.5,6,1,33,150,0,1,0.5,0.05,2,129.697,17.1327,2448.25,46.5049,6.18182,0.612372,9311.12,15.5161,3.90159,0.403369,399.184,35.1379,3.90159,0.403369,0.0,0.0
