seed,num_deliveries,max_len_road,max_interval_len,max_profit,max_weight,drone_battery,drone_load,height,distance,algorithm,solution_space,iterations,energy_unit_cost,energy_per_delivery,regularly_spaced,deliveries_starting_point,error,exponent,total_profit_avg,total_profit_std,total_energy_avg,total_energy_std,total_flights_avg,total_flights_std,all_flights_size_avg,all_flights_size_std,deliveries_per_flight_avg,deliveries_per_flight_std,avg_energy_per_flight_avg,avg_energy_per_flight_std,avg_weight_per_flight_avg,avg_weight_per_flight_std,n_prime_avg,n_prime_std
129,10,100,2,10,1,2500,5,0.05,0.5,0,1,33,150,0,1,1.0,0,0,62.1212,11.0135,2291.01,204.615,5.0,0.707107,63.7273,1.83712,2.25253,0.385639,466.831,76.4144,2.25253,0.385639,2.30857,0.228045
145,20,100,2,10,1,2500,5,0.05,0.5,0,1,33,150,0,1,1.0,0,0,95.4848,9.72793,2468.08,30.574,4.66667,1.14564,215.061,3.09233,3.28182,0.690421,547.541,100.728,3.28182,0.690421,3.79844,0.466766
161,30,100,2,10,1,2500,5,0.05,0.5,0,1,33,150,0,1,1.0,0,0,107.455,8.10899,2479.01,19.8025,4.84848,1.14564,378.697,3.88507,3.0904,0.502976,522.14,73.7356,3.0904,0.502976,4.28899,0.322814
177,40,100,2,10,1,2500,5,0.05,0.5,0,1,33,150,0,1,1.0,0,0,112.879,8.74556,2477.04,21.4464,5.18182,0.790569,539.485,4.9371,2.93232,0.532436,488.699,75.4731,2.93232,0.532436,4.41544,0.253506
193,50,100,2,10,1,2500,5,0.05,0.5,0,1,33,150,0,1,1.0,0,0,115.758,8.29921,2478.42,24.5236,5.45455,1.04583,703.212,5.25892,2.81724,0.550937,468.224,84.4277,2.81724,0.550937,4.46345,0.222776
209,60,100,2,10,1,2500,5,0.05,0.5,0,1,33,150,0,1,1.0,0,0,120.364,6.89573,2476.85,16.5729,5.30303,0.935414,864.424,5.51702,2.88622,0.520764,480.067,82.1148,2.88622,0.520764,4.54636,0.195573
225,70,100,2,10,1,2500,5,0.05,0.5,0,1,33,150,0,1,1.0,0,0,124.636,6.57561,2486.38,14.3073,5.69697,1.18585,1026.39,4.62669,2.72323,0.475086,447.801,71.972,2.72323,0.475086,4.59173,0.197054
241,80,100,2,10,1,2500,5,0.05,0.5,0,1,33,150,0,1,1.0,0,0,124.061,7.49141,2486.82,15.2131,5.81818,1.28695,1191.97,5.80409,2.66169,0.464159,438.578,69.739,2.66169,0.464159,4.60861,0.192492
