seed,num_deliveries,max_len_road,max_interval_len,max_profit,max_weight,drone_battery,drone_load,height,distance,algorithm,solution_space,iterations,energy_unit_cost,energy_per_delivery,regularly_spaced,deliveries_starting_point,error,exponent,total_profit_avg,total_profit_std,total_energy_avg,total_energy_std,total_flights_avg,total_flights_std,all_flights_size_avg,all_flights_size_std,deliveries_per_flight_avg,deliveries_per_flight_std,avg_energy_per_flight_avg,avg_energy_per_flight_std,avg_weight_per_flight_avg,avg_weight_per_flight_std,n_prime_avg,n_prime_std
100,50,100,2,10,1,2500,10,0.05,0.5,3,1,33,150,0,1,0.5,0.05,1,106.515,24.6121,2364.12,101.681,3.15152,0.637377,1186.3,8.68907,7.85253,1.27826,777.839,159.093,7.85253,1.27826,12.3848,0.126213
116,100,100,2,10,1,2500,10,0.05,0.5,3,1,33,150,0,1,0.5,0.05,1,141.545,24.5816,2397.16,90.7821,3.27273,0.684653,2811.42,10.1119,7.88131,1.27952,749.577,97.5451,7.88131,1.27952,13.6188,0.0740402
132,150,100,2,10,1,2500,10,0.05,0.5,3,1,33,150,0,1,0.5,0.05,1,159.576,17.4929,2423.09,70.7663,3.42424,0.866025,4435.67,13.818,7.70101,1.42551,731.87,118.051,7.70101,1.42551,13.9775,0.0623224
148,200,100,2,10,1,2500,10,0.05,0.5,3,1,33,150,0,1,0.5,0.05,1,171.939,23.5517,2418.73,70.0521,3.36364,0.661438,6058.42,12.1963,7.89545,1.34012,734.765,102.278,7.89545,1.34012,14.1371,0.0537452
164,250,100,2,10,1,2500,10,0.05,0.5,3,1,33,150,0,1,0.5,0.05,1,175.485,18.665,2399.13,84.1235,3.30303,0.707107,7680.79,13.5462,8.09394,1.35283,745.098,104.115,8.09394,1.35283,14.2293,0.0421808
180,300,100,2,10,1,2500,10,0.05,0.5,3,1,33,150,0,1,0.5,0.05,1,182.121,14.4736,2407.62,62.8005,3.57576,0.883883,9311.18,13.2783,7.43687,1.51006,694.114,118.637,7.43687,1.51006,14.296,0.0354317
