seed,num_deliveries,max_len_road,max_interval_len,max_profit,max_weight,drone_battery,drone_load,height,distance,algorithm,solution_space,iterations,energy_unit_cost,energy_per_delivery,regularly_spaced,deliveries_starting_point,error,exponent,total_profit_avg,total_profit_std,total_energy_avg,total_energy_std,total_flights_avg,total_flights_std,all_flights_size_avg,all_flights_size_std,deliveries_per_flight_avg,deliveries_per_flight_std,avg_energy_per_flight_avg,avg_energy_per_flight_std,avg_weight_per_flight_avg,avg_weight_per_flight_std,n_prime_avg,n_prime_std
111,50,100,4,10,1,5000,10,0.05,0.5,6,1,33,150,0,1,1.0,0.05,1,118.515,29.8152,4896.67,81.6502,7.60606,1.43614,1196.55,9.01041,3.80883,0.793118,662.606,117.268,3.80883,0.793118,0.0,0.0
127,100,100,4,10,1,5000,10,0.05,0.5,6,1,33,150,0,1,1.0,0.05,1,162.182,28.3002,4923.02,61.1584,8.24242,1.45774,2847.18,11.333,3.64579,0.708324,615.121,106.907,3.64579,0.708324,0.0,0.0
143,150,100,4,10,1,5000,10,0.05,0.5,6,1,33,150,0,1,1.0,0.05,1,190.788,28.3623,4939.3,42.9113,8.06061,1.25,4499.97,9.51972,3.78866,0.615422,626.524,93.4225,3.78866,0.615422,0.0,0.0
159,200,100,4,10,1,5000,10,0.05,0.5,6,1,33,150,0,1,1.0,0.05,1,210.242,25.6064,4935.51,52.3985,7.84848,1.69558,6151.03,11.3619,3.98331,0.805967,651.321,126.748,3.98331,0.805967,0.0,0.0
175,250,100,4,10,1,5000,10,0.05,0.5,6,1,33,150,0,1,1.0,0.05,1,208.03,21.1933,4918.16,50.0622,7.87879,1.72301,7806.61,13.2098,3.96006,0.843355,647.103,128.032,3.96006,0.843355,0.0,0.0
191,300,100,4,10,1,5000,10,0.05,0.5,6,1,33,150,0,1,1.0,0.05,1,221.576,18.4001,4933.42,47.9672,7.93939,1.70477,9458.82,13.6622,3.95772,0.755556,641.239,118.284,3.95772,0.755556,0.0,0.0
