num_deliveries,opt_opts_ratio_avg
10,3.6317645447018387
20,4.151956531015745
30,3.902212466175007
