seed,num_deliveries,max_len_road,max_interval_len,max_profit,max_weight,drone_battery,drone_load,height,distance,algorithm,solution_space,iterations,energy_unit_cost,energy_per_delivery,regularly_spaced,deliveries_starting_point,error,exponent,total_profit_avg,total_profit_std,total_energy_avg,total_energy_std,total_flights_avg,total_flights_std,running_time_avg,running_time_std,all_flights_size_avg,all_flights_size_std,deliveries_per_flight_avg,deliveries_per_flight_std,avg_energy_per_flight_avg,avg_energy_per_flight_std,avg_weight_per_flight_avg,avg_weight_per_flight_std
2,10,100,2,10,1,5000,5,0.05,0.5,0,1,33,150,0,1,0.5,0,0,67.0303,13.9429,1959.1,594.624,4.60606,1.34629,0.00551515,0.00370912,75.6061,3.44601,2.43102,0.582593,425.016,64.9598,2.43102,0.582593
6,20,100,2,10,1,5000,5,0.05,0.5,0,1,33,150,0,1,0.5,0,0,140.818,23.2909,4372.87,739.552,9.9697,1.87083,0.037697,0.00999839,256.515,4.53803,2.21584,0.261929,438.633,36.1206,2.21584,0.261929
10,30,100,2,10,1,5000,5,0.05,0.5,0,1,33,150,0,1,0.5,0,0,197.03,18.4941,4926.36,78.7564,12.3636,0.829156,0.145636,0.0190818,534.182,6.04669,2.4695,0.182824,399.967,26.6441,2.4695,0.182824
14,40,100,2,10,1,5000,5,0.05,0.5,0,1,33,150,0,1,0.5,0,0,235.636,14.0953,4953.08,40.5716,12.4545,1.0155,0.474667,0.0511986,916.909,7.77014,2.9126,0.200563,399.684,28.6346,2.9126,0.200563
18,50,100,2,10,1,5000,5,0.05,0.5,0,1,33,150,0,1,0.5,0,0,263.606,16.2326,4975.62,18.1591,12.1818,0.829156,1.23385,0.0958365,1396.03,7.46868,3.40673,0.265277,410.127,26.2156,3.40673,0.265277
