seed,num_deliveries,max_len_road,max_interval_len,max_profit,max_weight,drone_battery,drone_load,height,distance,algorithm,solution_space,iterations,energy_unit_cost,energy_per_delivery,regularly_spaced,deliveries_starting_point,error,exponent,total_profit_avg,total_profit_std,total_energy_avg,total_energy_std,total_flights_avg,total_flights_std,all_flights_size_avg,all_flights_size_std,deliveries_per_flight_avg,deliveries_per_flight_std,avg_energy_per_flight_avg,avg_energy_per_flight_std,avg_weight_per_flight_avg,avg_weight_per_flight_std,n_prime_avg,n_prime_std
204,50,100,2,10,1,5000,10,0.05,0.5,2,1,33,150,0,1,0.5,0.05,2,98.4848,33.6602,4916.58,94.9704,8.63636,1.28695,1397.64,6.69655,5.54435,0.686913,577.542,67.5362,5.54435,0.686913,16.0924,0.0551191
220,100,100,2,10,1,5000,10,0.05,0.5,2,1,33,150,0,1,0.5,0.05,2,147.121,27.7272,4990.36,10.2311,6.87879,1.07529,4605.03,12.5162,8.27291,0.849859,730.875,64.2901,8.27291,0.849859,25.9923,0.099683
236,150,100,2,10,1,5000,10,0.05,0.5,2,1,33,150,0,1,0.5,0.05,2,177.212,39.9975,4987.24,9.33753,7.06061,0.661438,7898.88,11.6579,8.00084,0.792759,711.851,61.7009,8.00084,0.792759,28.1201,0.0746264
252,200,100,2,10,1,5000,10,0.05,0.5,2,1,33,150,0,1,0.5,0.05,2,189.303,42.2725,4993.42,5.98973,7.27273,0.728869,11186.5,14.2072,7.79149,0.8012,692.34,64.4373,7.79149,0.8012,29.0094,0.0670351
268,250,100,2,10,1,5000,10,0.05,0.5,2,1,33,150,0,1,0.5,0.05,2,220.576,34.6492,4991.24,10.8657,7.12121,0.559017,14478.1,18.1934,7.97619,0.680976,704.89,54.1591,7.97619,0.680976,29.4626,0.0506704
284,300,100,2,10,1,5000,10,0.05,0.5,2,1,33,150,0,1,0.5,0.05,2,227.939,31.2979,4994.97,4.40515,7.27273,0.637377,17766.4,15.8084,7.78716,0.672323,691.033,55.5019,7.78716,0.672323,29.7599,0.0469662
