seed,num_deliveries,max_len_road,max_interval_len,max_profit,max_weight,drone_battery,drone_load,height,distance,algorithm,solution_space,iterations,energy_unit_cost,energy_per_delivery,regularly_spaced,deliveries_starting_point,error,exponent,total_profit_avg,total_profit_std,total_energy_avg,total_energy_std,total_flights_avg,total_flights_std,all_flights_size_avg,all_flights_size_std,deliveries_per_flight_avg,deliveries_per_flight_std,avg_energy_per_flight_avg,avg_energy_per_flight_std,avg_weight_per_flight_avg,avg_weight_per_flight_std,n_prime_avg,n_prime_std
200,50,100,2,10,1,5000,5,0.05,0.5,2,1,33,150,0,1,0.5,0.05,2,88.8182,22.6501,4957.21,55.1446,12.1515,0.883883,1394.94,6.48315,3.41345,0.237286,410.045,30.6251,3.41345,0.237286,16.1165,0.0553357
216,100,100,2,10,1,5000,5,0.05,0.5,2,1,33,150,0,1,0.5,0.05,2,128.788,30.9342,4985.33,12.5416,11.5758,1.0155,4604.73,10.2195,4.1187,0.412928,432.793,30.645,4.1187,0.412928,26.0405,0.0969537
232,150,100,2,10,1,5000,5,0.05,0.5,2,1,33,150,0,1,0.5,0.05,2,150.182,26.7797,4988.0,12.4147,11.5455,0.829156,7893.03,13.1945,4.21597,0.313022,433.25,23.612,4.21597,0.313022,28.1548,0.0866378
248,200,100,2,10,1,5000,5,0.05,0.5,2,1,33,150,0,1,0.5,0.05,2,181.515,28.8943,4992.61,7.3652,11.4545,0.810093,11183.9,11.5515,4.22659,0.297161,437.313,25.8139,4.22659,0.297161,28.9912,0.0505972
264,250,100,2,10,1,5000,5,0.05,0.5,2,1,33,150,0,1,0.5,0.05,2,195.758,33.8018,4992.09,7.04611,11.303,0.612372,14474.5,15.0644,4.37461,0.248649,442.6,20.762,4.37461,0.248649,29.4597,0.0551879
280,300,100,2,10,1,5000,5,0.05,0.5,2,1,33,150,0,1,0.5,0.05,2,202.0,38.5414,4991.97,8.50913,11.3939,0.810093,17768.8,15.0385,4.3376,0.29868,439.767,27.4829,4.3376,0.29868,29.7577,0.0483213
