seed,num_deliveries,max_len_road,max_interval_len,max_profit,max_weight,drone_battery,drone_load,height,distance,algorithm,solution_space,iterations,energy_unit_cost,energy_per_delivery,regularly_spaced,deliveries_starting_point,error,exponent,total_profit_avg,total_profit_std,total_energy_avg,total_energy_std,total_flights_avg,total_flights_std,all_flights_size_avg,all_flights_size_std,deliveries_per_flight_avg,deliveries_per_flight_std,avg_energy_per_flight_avg,avg_energy_per_flight_std,avg_weight_per_flight_avg,avg_weight_per_flight_std,n_prime_avg,n_prime_std
202,50,100,4,10,1,5000,5,0.05,0.5,6,1,33,150,0,1,0.5,0.05,2,71.0303,21.0765,4581.96,302.697,9.93939,1.55121,1532.03,18.1358,3.46552,0.371645,465.537,46.0128,3.46552,0.371645,0.0,0.0
218,100,100,4,10,1,5000,5,0.05,0.5,6,1,33,150,0,1,0.5,0.05,2,116.606,25.8891,4918.47,58.7094,11.4545,1.0155,4788.33,19.5808,3.79169,0.417964,431.946,33.9667,3.79169,0.417964,0.0,0.0
234,150,100,4,10,1,5000,5,0.05,0.5,6,1,33,150,0,1,0.5,0.05,2,134.909,22.4365,4936.24,54.4017,11.697,1.28695,8098.55,23.6802,3.75787,0.405313,425.427,38.9276,3.75787,0.405313,0.0,0.0
250,200,100,4,10,1,5000,5,0.05,0.5,6,1,33,150,0,1,0.5,0.05,2,152.576,26.8666,4929.82,48.9392,11.303,0.901388,11401.8,29.0716,3.94677,0.35401,438.346,30.6684,3.94677,0.35401,0.0,0.0
266,250,100,4,10,1,5000,5,0.05,0.5,6,1,33,150,0,1,0.5,0.05,2,170.879,27.4986,4946.07,45.696,11.3939,0.810093,14709.3,20.9672,3.98144,0.284474,435.613,25.5644,3.98144,0.284474,0.0,0.0
282,300,100,4,10,1,5000,5,0.05,0.5,6,1,33,150,0,1,0.5,0.05,2,181.121,30.0227,4955.05,42.6506,11.4848,0.901388,18010.8,29.8109,3.98339,0.310058,433.075,25.974,3.98339,0.310058,0.0,0.0
