seed,num_deliveries,max_len_road,max_interval_len,max_profit,max_weight,drone_battery,drone_load,height,distance,algorithm,solution_space,iterations,energy_unit_cost,energy_per_delivery,regularly_spaced,deliveries_starting_point,error,exponent,total_profit_avg,total_profit_std,total_energy_avg,total_energy_std,total_flights_avg,total_flights_std,all_flights_size_avg,all_flights_size_std,deliveries_per_flight_avg,deliveries_per_flight_std,avg_energy_per_flight_avg,avg_energy_per_flight_std,avg_weight_per_flight_avg,avg_weight_per_flight_std,n_prime_avg,n_prime_std
5,50,100,2,10,1,2500,10,0.05,0.5,2,1,33,150,0,1,1.0,0.05,0,117.667,6.05014,2487.48,9.97848,5.0303,1.21192,703.636,4.8509,3.22359,0.96943,527.269,144.668,3.22359,0.96943,7.31301,0.0505459
21,100,100,2,10,1,2500,10,0.05,0.5,2,1,33,150,0,1,1.0,0.05,0,130.212,5.58322,2489.94,12.2269,5.33333,1.1592,1517.64,5.48578,3.02991,0.790798,489.109,115.734,3.02991,0.790798,7.56775,0.0410295
37,150,100,2,10,1,2500,10,0.05,0.5,2,1,33,150,0,1,1.0,0.05,0,134.212,5.64445,2491.67,7.78085,6.0,1.0,2328.52,6.45417,2.69365,0.557767,428.078,80.8143,2.69365,0.557767,7.64039,0.0274027
53,200,100,2,10,1,2500,10,0.05,0.5,2,1,33,150,0,1,1.0,0.05,0,136.697,5.39377,2493.48,6.46684,6.60606,1.5411,3142.88,9.75481,2.4292,0.538962,394.614,85.4195,2.4292,0.538962,7.68062,0.0240576
69,250,100,2,10,1,2500,10,0.05,0.5,2,1,33,150,0,1,1.0,0.05,0,138.485,4.17673,2497.03,3.06681,6.57576,1.53093,3957.55,10.6095,2.48316,0.552749,396.007,81.1394,2.48316,0.552749,7.70963,0.0312923
85,300,100,2,10,1,2500,10,0.05,0.5,2,1,33,150,0,1,1.0,0.05,0,140.515,4.03981,2495.36,3.77341,6.93939,1.66771,4767.94,9.5443,2.33919,0.557816,375.222,83.8496,2.33919,0.557816,7.71663,0.0218988
