seed,num_deliveries,max_len_road,max_interval_len,max_profit,max_weight,drone_battery,drone_load,height,distance,algorithm,solution_space,iterations,energy_unit_cost,energy_per_delivery,regularly_spaced,deliveries_starting_point,error,exponent,total_profit_avg,total_profit_std,total_energy_avg,total_energy_std,total_flights_avg,total_flights_std,all_flights_size_avg,all_flights_size_std,deliveries_per_flight_avg,deliveries_per_flight_std,avg_energy_per_flight_avg,avg_energy_per_flight_std,avg_weight_per_flight_avg,avg_weight_per_flight_std,n_prime_avg,n_prime_std
102,50,100,4,10,1,2500,10,0.05,0.5,3,1,33,150,0,1,0.5,0.05,1,108.03,24.743,2341.74,154.001,2.54545,0.75,1267.61,21.8832,8.61616,1.20724,953.043,184.128,8.61616,1.20724,11.0171,0.200062
118,100,100,4,10,1,2500,10,0.05,0.5,3,1,33,150,0,1,0.5,0.05,1,130.545,22.464,2355.16,129.93,2.84848,1.14564,2899.48,13.6862,8.15404,1.67487,880.65,223.61,8.15404,1.67487,11.9846,0.135073
134,150,100,4,10,1,2500,10,0.05,0.5,3,1,33,150,0,1,0.5,0.05,1,145.121,21.2408,2374.15,87.547,3.21212,0.586302,4536.21,16.2009,7.61566,1.18102,757.88,123.844,7.61566,1.18102,12.2448,0.0832576
150,200,100,4,10,1,2500,10,0.05,0.5,3,1,33,150,0,1,0.5,0.05,1,152.667,19.4545,2395.22,100.954,3.0303,0.395285,6171.7,25.5386,7.83333,0.955385,802.587,104.465,7.83333,0.955385,12.3483,0.090627
166,250,100,4,10,1,2500,10,0.05,0.5,3,1,33,150,0,1,0.5,0.05,1,156.152,19.4521,2408.85,77.9948,3.06061,0.5,7810.97,24.3362,7.90152,1.05377,807.419,137.675,7.90152,1.05377,12.436,0.0696968
182,300,100,4,10,1,2500,10,0.05,0.5,3,1,33,150,0,1,0.5,0.05,1,157.303,15.8459,2396.84,83.0422,3.15152,0.53033,9451.97,26.884,7.6904,1.20428,776.124,105.815,7.6904,1.20428,12.4635,0.0640979
