num_deliveries,opt_opts_ratio_avg
10,2.0709755877848846
20,1.8402059176879504
30,1.5114006307610979
