seed,num_deliveries,max_len_road,max_interval_len,max_profit,max_weight,drone_battery,drone_load,height,distance,algorithm,solution_space,iterations,energy_unit_cost,energy_per_delivery,regularly_spaced,deliveries_starting_point,error,exponent,total_profit_avg,total_profit_std,total_energy_avg,total_energy_std,total_flights_avg,total_flights_std,all_flights_size_avg,all_flights_size_std,deliveries_per_flight_avg,deliveries_per_flight_std,avg_energy_per_flight_avg,avg_energy_per_flight_std,avg_weight_per_flight_avg,avg_weight_per_flight_std,n_prime_avg,n_prime_std
207,50,100,4,10,1,5000,10,0.05,0.5,3,1,33,150,0,1,1.0,0.05,2,62.9394,20.2005,4711.7,274.648,3.51515,1.18585,1197.85,9.78839,7.80177,1.63422,1413.87,278.488,7.80177,1.63422,12.5464,0.108821
223,100,100,4,10,1,5000,10,0.05,0.5,3,1,33,150,0,1,1.0,0.05,2,83.2727,28.5857,4804.66,183.796,3.87879,2.03869,2847.79,12.49,7.75429,1.97789,1376.62,335.237,7.75429,1.97789,13.9103,0.0768182
239,150,100,4,10,1,5000,10,0.05,0.5,3,1,33,150,0,1,1.0,0.05,2,98.6667,21.8785,4873.19,112.231,3.93939,1.51038,4499.24,10.3652,7.44239,1.75701,1316.8,296.0,7.44239,1.75701,14.2174,0.0594538
255,200,100,4,10,1,5000,10,0.05,0.5,3,1,33,150,0,1,1.0,0.05,2,113.667,19.8631,4842.25,162.797,3.36364,0.707107,6152.36,9.33073,8.33182,1.35623,1476.79,221.21,8.33182,1.35623,14.3923,0.0474357
271,250,100,4,10,1,5000,10,0.05,0.5,3,1,33,150,0,1,1.0,0.05,2,124.727,20.7353,4836.07,164.263,3.81818,1.13192,7803.27,14.1256,7.55253,1.41246,1314.33,251.415,7.55253,1.41246,14.4922,0.0518825
287,300,100,4,10,1,5000,10,0.05,0.5,3,1,33,150,0,1,1.0,0.05,2,133.515,21.1647,4817.14,142.838,3.90909,1.19896,9453.03,14.4059,7.20101,1.40835,1276.57,242.398,7.20101,1.40835,14.5526,0.0499157
