seed,num_deliveries,max_len_road,max_interval_len,max_profit,max_weight,drone_battery,drone_load,height,distance,algorithm,solution_space,iterations,energy_unit_cost,energy_per_delivery,regularly_spaced,deliveries_starting_point,error,exponent,total_profit_avg,total_profit_std,total_energy_avg,total_energy_std,total_flights_avg,total_flights_std,all_flights_size_avg,all_flights_size_std,deliveries_per_flight_avg,deliveries_per_flight_std,avg_energy_per_flight_avg,avg_energy_per_flight_std,avg_weight_per_flight_avg,avg_weight_per_flight_std,n_prime_avg,n_prime_std
207,50,100,4,10,1,5000,10,0.05,0.5,2,1,33,150,0,1,1.0,0.05,2,74.1212,24.4601,4951.27,39.5508,4.69697,1.07529,1197.85,9.78839,6.61638,1.2725,1082.0,169.318,6.61638,1.2725,12.5464,0.108821
223,100,100,4,10,1,5000,10,0.05,0.5,2,1,33,150,0,1,1.0,0.05,2,98.4848,32.0304,4977.76,18.9341,4.72727,1.11803,2847.79,12.49,6.74935,1.1448,1082.48,173.311,6.74935,1.1448,13.9103,0.0768182
239,150,100,4,10,1,5000,10,0.05,0.5,2,1,33,150,0,1,1.0,0.05,2,117.152,24.0145,4974.97,19.0632,4.9697,1.22474,4499.24,10.3652,6.29293,0.898176,1022.35,151.265,6.29293,0.898176,14.2174,0.0594538
255,200,100,4,10,1,5000,10,0.05,0.5,2,1,33,150,0,1,1.0,0.05,2,137.182,23.3833,4980.76,18.9193,4.93939,1.28695,6152.36,9.33073,6.39242,1.05458,1034.99,161.859,6.39242,1.05458,14.3923,0.0474357
271,250,100,4,10,1,5000,10,0.05,0.5,2,1,33,150,0,1,1.0,0.05,2,149.606,23.8811,4985.58,18.6933,4.90909,1.14564,7803.27,14.1256,6.4754,0.920743,1033.87,139.632,6.4754,0.920743,14.4922,0.0518825
287,300,100,4,10,1,5000,10,0.05,0.5,2,1,33,150,0,1,1.0,0.05,2,162.182,26.5759,4986.58,13.0073,5.33333,0.984251,9453.03,14.4059,5.8838,0.896321,957.375,136.468,5.8838,0.896321,14.5526,0.0499157
