num_deliveries,opt_opts_ratio_avg
10,2.5954575494558756
20,2.125798613391374
30,1.5697914152623516
40,1.4278617303386556
