seed,num_deliveries,max_len_road,max_interval_len,max_profit,max_weight,drone_battery,drone_load,height,distance,algorithm,solution_space,iterations,energy_unit_cost,energy_per_delivery,regularly_spaced,deliveries_starting_point,error,exponent,total_profit_avg,total_profit_std,total_energy_avg,total_energy_std,total_flights_avg,total_flights_std,all_flights_size_avg,all_flights_size_std,deliveries_per_flight_avg,deliveries_per_flight_std,avg_energy_per_flight_avg,avg_energy_per_flight_std,avg_weight_per_flight_avg,avg_weight_per_flight_std,n_prime_avg,n_prime_std
111,50,100,4,10,1,5000,10,0.05,0.5,3,1,33,150,0,1,1.0,0.05,1,109.909,25.5127,4809.46,130.984,3.30303,0.661438,1196.55,9.01041,8.14091,1.32524,1500.06,271.586,8.14091,1.32524,12.5158,0.12457
127,100,100,4,10,1,5000,10,0.05,0.5,3,1,33,150,0,1,1.0,0.05,1,146.515,26.7747,4798.94,177.05,3.51515,0.847791,2847.18,11.333,7.9803,1.41034,1408.43,243.045,7.9803,1.41034,13.8745,0.0886333
143,150,100,4,10,1,5000,10,0.05,0.5,3,1,33,150,0,1,1.0,0.05,1,166.727,24.2838,4876.32,133.319,4.15152,0.918559,4499.97,9.51972,7.06515,1.53297,1227.27,259.743,7.06515,1.53297,14.2279,0.0665396
159,200,100,4,10,1,5000,10,0.05,0.5,3,1,33,150,0,1,1.0,0.05,1,180.364,19.4837,4830.86,115.356,3.78788,1.1726,6151.03,11.3619,7.63283,1.4186,1330.7,261.024,7.63283,1.4186,14.3801,0.0540047
175,250,100,4,10,1,5000,10,0.05,0.5,3,1,33,150,0,1,1.0,0.05,1,180.606,19.7372,4874.78,91.5231,4.30303,1.03078,7806.61,13.2098,6.88088,1.50231,1185.32,247.843,6.88088,1.50231,14.4898,0.0581038
191,300,100,4,10,1,5000,10,0.05,0.5,3,1,33,150,0,1,1.0,0.05,1,191.061,19.018,4855.11,97.1289,4.21212,0.918559,9458.82,13.6622,6.91602,1.40255,1201.7,249.221,6.91602,1.40255,14.5469,0.0346866
