num_deliveries,opt_opts_ratio_avg
10,1.7058836216857445
20,1.2857866444733987
30,1.2048456196511306
