seed,num_deliveries,max_len_road,max_interval_len,max_profit,max_weight,drone_battery,drone_load,height,distance,algorithm,solution_space,iterations,energy_unit_cost,energy_per_delivery,regularly_spaced,deliveries_starting_point,error,exponent,total_profit_avg,total_profit_std,total_energy_avg,total_energy_std,total_flights_avg,total_flights_std,all_flights_size_avg,all_flights_size_std,deliveries_per_flight_avg,deliveries_per_flight_std,avg_energy_per_flight_avg,avg_energy_per_flight_std,avg_weight_per_flight_avg,avg_weight_per_flight_std,n_prime_avg,n_prime_std
135,10,100,4,10,1,2500,10,0.05,0.5,0,1,33,150,0,1,1.0,0.0,0,59.6364,11.3738,2076.54,334.755,2.78788,1.47902,75.0909,3.28348,4.79899,3.09061,919.914,440.285,4.79899,3.09061,1.98622,0.234878
151,20,100,4,10,1,2500,10,0.05,0.5,0,1,33,150,0,1,1.0,0.0,0,93.0606,10.0466,2446.2,44.1846,2.57576,0.883883,233.667,5.35023,6.09596,1.48767,1006.81,234.356,6.09596,1.48767,3.27401,0.367766
167,30,100,4,10,1,2500,10,0.05,0.5,0,1,33,150,0,1,1.0,0.0,0,101.515,7.54205,2470.38,26.2859,3.15152,0.951972,397.788,7.84618,5.11263,1.55691,850.985,247.398,5.11263,1.55691,3.59837,0.241758
183,40,100,4,10,1,2500,10,0.05,0.5,0,1,33,150,0,1,1.0,0.0,0,108.97,7.69531,2472.98,27.9826,3.24242,0.75,561.273,5.81216,4.88636,1.2524,801.556,191.743,4.88636,1.2524,3.69072,0.240982
199,50,100,4,10,1,2500,10,0.05,0.5,0,1,33,150,0,1,1.0,0.0,0,109.273,9.20011,2477.12,24.4234,3.69697,0.984251,724.909,6.11862,4.11616,0.78387,691.623,121.992,4.11616,0.78387,3.79868,0.226589
215,60,100,4,10,1,2500,10,0.05,0.5,0,1,33,150,0,1,1.0,0.0,0,113.515,8.7254,2482.11,13.1603,3.54545,0.968246,886.576,9.73878,4.48788,1.15297,736.776,177.081,4.48788,1.15297,3.79634,0.168473
231,70,100,4,10,1,2500,10,0.05,0.5,0,1,33,150,0,1,1.0,0.0,0,113.091,6.2368,2480.41,19.4828,4.09091,0.951972,1053.7,8.42058,3.82908,0.870796,635.709,136.013,3.82908,0.870796,3.83262,0.215748
247,80,100,4,10,1,2500,10,0.05,0.5,0,1,33,150,0,1,1.0,0.0,0,115.818,6.58338,2481.52,18.7531,3.90909,1.34629,1217.76,10.3727,4.09697,1.11156,672.447,166.813,4.09697,1.11156,3.89521,0.145741
