seed,num_deliveries,max_len_road,max_interval_len,max_profit,max_weight,drone_battery,drone_load,height,distance,algorithm,solution_space,iterations,energy_unit_cost,energy_per_delivery,regularly_spaced,deliveries_starting_point,error,exponent,total_profit_avg,total_profit_std,total_energy_avg,total_energy_std,total_flights_avg,total_flights_std,all_flights_size_avg,all_flights_size_std,deliveries_per_flight_avg,deliveries_per_flight_std,avg_energy_per_flight_avg,avg_energy_per_flight_std,avg_weight_per_flight_avg,avg_weight_per_flight_std,n_prime_avg,n_prime_std
193,50,100,2,10,1,2500,5,0.05,0.5,3,1,33,150,0,1,1.0,0.05,2,45.4242,16.8746,2380.87,82.732,4.48485,1.52069,702.879,4.48957,3.32381,1.14644,579.805,162.429,3.32381,1.14644,7.32202,0.0564196
209,100,100,2,10,1,2500,5,0.05,0.5,3,1,33,150,0,1,1.0,0.05,2,55.6364,14.7114,2406.35,82.291,4.75758,1.82859,1515.88,5.72549,3.04625,1.2268,563.863,178.468,3.04625,1.2268,7.57048,0.0389331
225,150,100,2,10,1,2500,5,0.05,0.5,3,1,33,150,0,1,1.0,0.05,2,65.697,15.3795,2398.52,87.1546,4.66667,1.87083,2331.18,7.54569,3.29058,1.11306,574.113,171.662,3.29058,1.11306,7.64706,0.026974
241,200,100,2,10,1,2500,5,0.05,0.5,3,1,33,150,0,1,1.0,0.05,2,72.2121,13.9704,2420.57,66.2413,4.39394,1.66771,3143.12,7.83821,3.4759,1.09406,608.85,167.349,3.4759,1.09406,7.6774,0.0267513
257,250,100,2,10,1,2500,5,0.05,0.5,3,1,33,150,0,1,1.0,0.05,2,75.1818,15.3388,2419.76,63.0057,4.24242,1.32288,3956.12,10.6624,3.61962,0.997704,613.19,151.83,3.61962,0.997704,7.6948,0.0237836
273,300,100,2,10,1,2500,5,0.05,0.5,3,1,33,150,0,1,1.0,0.05,2,78.3939,14.4891,2451.56,58.1764,4.45455,1.44698,4767.76,8.428,3.38571,0.984161,597.815,165.245,3.38571,0.984161,7.71581,0.0197835
