num_deliveries,opt_opts_ratio_avg
10,2.427610246791795
20,1.7369592320006295
30,1.5605696885395357
