seed,num_deliveries,max_len_road,max_interval_len,max_profit,max_weight,drone_battery,drone_load,height,distance,algorithm,solution_space,iterations,energy_unit_cost,energy_per_delivery,regularly_spaced,deliveries_starting_point,error,exponent,total_profit_avg,total_profit_std,total_energy_avg,total_energy_std,total_flights_avg,total_flights_std,all_flights_size_avg,all_flights_size_std,deliveries_per_flight_avg,deliveries_per_flight_std,avg_energy_per_flight_avg,avg_energy_per_flight_std,avg_weight_per_flight_avg,avg_weight_per_flight_std,n_prime_avg,n_prime_std
204,50,100,2,10,1,5000,10,0.05,0.5,3,1,33,150,0,1,0.5,0.05,2,77.9697,27.262,3779.65,446.498,5.54545,3.07205,1397.64,6.69655,7.44375,2.44167,776.524,204.369,7.44375,2.44167,16.0924,0.0551191
220,100,100,2,10,1,5000,10,0.05,0.5,3,1,33,150,0,1,0.5,0.05,2,126.061,23.484,4822.86,129.929,5.9697,1.27475,4605.03,12.5162,8.4017,0.976459,821.305,104.711,8.4017,0.976459,25.9923,0.099683
236,150,100,2,10,1,5000,10,0.05,0.5,3,1,33,150,0,1,0.5,0.05,2,149.909,31.8486,4867.71,119.061,6.18182,1.5,7898.88,11.6579,8.22294,1.46517,816.159,132.183,8.22294,1.46517,28.1201,0.0746264
252,200,100,2,10,1,5000,10,0.05,0.5,3,1,33,150,0,1,0.5,0.05,2,158.667,35.8614,4879.07,114.522,5.87879,1.23744,11186.5,14.2072,8.51674,0.960939,846.174,118.503,8.51674,0.960939,29.0094,0.0670351
268,250,100,2,10,1,5000,10,0.05,0.5,3,1,33,150,0,1,0.5,0.05,2,183.909,28.9335,4891.33,84.6237,6.48485,1.34629,14478.1,18.1934,7.81638,1.39905,779.604,138.49,7.81638,1.39905,29.4626,0.0506704
284,300,100,2,10,1,5000,10,0.05,0.5,3,1,33,150,0,1,0.5,0.05,2,189.333,25.6767,4884.6,110.828,6.27273,1.1592,17766.4,15.8084,8.22245,1.27363,800.695,128.745,8.22245,1.27363,29.7599,0.0469662
