seed,num_deliveries,max_len_road,max_interval_len,max_profit,max_weight,drone_battery,drone_load,height,distance,algorithm,solution_space,iterations,energy_unit_cost,energy_per_delivery,regularly_spaced,deliveries_starting_point,error,exponent,total_profit_avg,total_profit_std,total_energy_avg,total_energy_std,total_flights_avg,total_flights_std,all_flights_size_avg,all_flights_size_std,deliveries_per_flight_avg,deliveries_per_flight_std,avg_energy_per_flight_avg,avg_energy_per_flight_std,avg_weight_per_flight_avg,avg_weight_per_flight_std,n_prime_avg,n_prime_std
198,50,100,4,10,1,2500,10,0.05,0.5,3,1,33,150,0,1,0.5,0.05,2,58.2727,17.4737,2306.6,153.13,2.42424,0.707107,1267.03,16.7547,8.78535,1.4821,994.872,206.136,8.78535,1.4821,11.0057,0.150767
214,100,100,4,10,1,2500,10,0.05,0.5,3,1,33,150,0,1,0.5,0.05,2,75.6364,23.3289,2321.21,125.387,2.69697,0.883883,2904.91,22.174,8.18687,1.39179,893.162,179.997,8.18687,1.39179,11.9987,0.097612
230,150,100,4,10,1,2500,10,0.05,0.5,3,1,33,150,0,1,0.5,0.05,2,86.697,18.9431,2352.15,133.251,2.81818,1.0155,4542.39,21.6037,8.16919,1.34782,868.921,180.474,8.16919,1.34782,12.246,0.0870363
246,200,100,4,10,1,2500,10,0.05,0.5,3,1,33,150,0,1,0.5,0.05,2,99.5758,18.6732,2384.77,95.1115,3.09091,0.637377,6172.61,23.6273,7.64495,1.34769,799.847,153.796,7.64495,1.34769,12.3308,0.067269
262,250,100,4,10,1,2500,10,0.05,0.5,3,1,33,150,0,1,0.5,0.05,2,95.4545,19.1574,2386.62,90.0576,2.9697,1.22474,7813.45,26.7295,7.85909,1.63786,849.901,204.817,7.85909,1.63786,12.4366,0.0650174
278,300,100,4,10,1,2500,10,0.05,0.5,3,1,33,150,0,1,0.5,0.05,2,103.273,17.9675,2377.03,104.075,3.15152,0.637377,9447.33,23.8255,7.52323,1.38494,783.58,171.651,7.52323,1.38494,12.4745,0.0596299
