seed,num_deliveries,max_len_road,max_interval_len,max_profit,max_weight,drone_battery,drone_load,height,distance,algorithm,solution_space,iterations,energy_unit_cost,energy_per_delivery,regularly_spaced,deliveries_starting_point,error,exponent,total_profit_avg,total_profit_std,total_energy_avg,total_energy_std,total_flights_avg,total_flights_std,all_flights_size_avg,all_flights_size_std,deliveries_per_flight_avg,deliveries_per_flight_std,avg_energy_per_flight_avg,avg_energy_per_flight_std,avg_weight_per_flight_avg,avg_weight_per_flight_std,n_prime_avg,n_prime_std
197,50,100,2,10,1,2500,10,0.05,0.5,3,1,33,150,0,1,1.0,0.05,2,44.697,15.8814,2366.23,113.561,2.81818,1.75891,703.455,3.77078,5.99737,1.97911,986.437,296.903,5.99737,1.97911,7.29877,0.061108
213,100,100,2,10,1,2500,10,0.05,0.5,3,1,33,150,0,1,1.0,0.05,2,58.6061,17.2481,2409.2,81.1679,2.90909,1.47902,1515.03,4.5104,5.68182,1.89886,934.882,287.826,5.68182,1.89886,7.55935,0.0339561
229,150,100,2,10,1,2500,10,0.05,0.5,3,1,33,150,0,1,1.0,0.05,2,63.5152,17.5573,2391.23,75.1717,2.69697,1.28695,2328.88,6.74305,6.00476,1.64965,977.324,257.631,6.00476,1.64965,7.64362,0.0308009
245,200,100,2,10,1,2500,10,0.05,0.5,3,1,33,150,0,1,1.0,0.05,2,69.0909,13.4591,2421.49,64.1383,3.06061,1.22474,3145.21,7.17853,5.40152,1.81841,891.205,278.07,5.40152,1.81841,7.67587,0.0309663
261,250,100,2,10,1,2500,10,0.05,0.5,3,1,33,150,0,1,1.0,0.05,2,76.4848,13.2974,2397.7,91.6918,3.42424,1.5411,3957.85,9.42404,4.87695,1.87401,806.625,278.701,4.87695,1.87401,7.70081,0.023236
277,300,100,2,10,1,2500,10,0.05,0.5,3,1,33,150,0,1,1.0,0.05,2,81.9091,16.6402,2424.59,65.6245,3.36364,1.43614,4768.91,10.7732,5.14004,2.01303,831.059,299.694,5.14004,2.01303,7.71193,0.0231189
