seed,num_deliveries,max_len_road,max_interval_len,max_profit,max_weight,drone_battery,drone_load,height,distance,algorithm,solution_space,iterations,energy_unit_cost,energy_per_delivery,regularly_spaced,deliveries_starting_point,error,exponent,total_profit_avg,total_profit_std,total_energy_avg,total_energy_std,total_flights_avg,total_flights_std,all_flights_size_avg,all_flights_size_std,deliveries_per_flight_avg,deliveries_per_flight_std,avg_energy_per_flight_avg,avg_energy_per_flight_std,avg_weight_per_flight_avg,avg_weight_per_flight_std,n_prime_avg,n_prime_std
96,50,100,2,10,1,2500,5,0.05,0.5,3,1,33,150,0,1,0.5,0.05,1,92.5758,17.0569,2402.64,81.6015,5.0303,0.984251,1186.33,8.25189,3.95815,0.858362,493.84,88.0281,3.95815,0.858362,12.3545,0.0881747
112,100,100,2,10,1,2500,5,0.05,0.5,3,1,33,150,0,1,0.5,0.05,1,118.697,16.8124,2422.56,57.0568,5.15152,1.0155,2806.94,7.49792,4.12518,0.607874,486.701,89.6358,4.12518,0.607874,13.6549,0.096203
128,150,100,2,10,1,2500,5,0.05,0.5,3,1,33,150,0,1,0.5,0.05,1,140.879,14.6432,2411.88,79.4671,5.18182,0.866025,4431.94,12.2666,4.19076,0.539629,476.813,74.8616,4.19076,0.539629,13.9687,0.061461
144,200,100,2,10,1,2500,5,0.05,0.5,3,1,33,150,0,1,0.5,0.05,1,142.424,16.8375,2421.61,85.8902,5.30303,0.968246,6057.48,13.75,4.09899,0.551024,466.369,59.9819,4.09899,0.551024,14.1378,0.0578797
160,250,100,2,10,1,2500,5,0.05,0.5,3,1,33,150,0,1,0.5,0.05,1,147.727,17.1779,2429.15,67.5944,5.27273,0.586302,7675.03,15.4808,4.24747,0.42065,464.475,41.2306,4.24747,0.42065,14.2201,0.0441157
176,300,100,2,10,1,2500,5,0.05,0.5,3,1,33,150,0,1,0.5,0.05,1,158.03,13.1422,2433.22,54.1138,5.42424,0.661438,9308.97,14.446,4.12323,0.437519,452.126,40.7998,4.12323,0.437519,14.2947,0.0461799
