seed,num_deliveries,max_len_road,max_interval_len,max_profit,max_weight,drone_battery,drone_load,height,distance,algorithm,solution_space,iterations,energy_unit_cost,energy_per_delivery,regularly_spaced,deliveries_starting_point,error,exponent,total_profit_avg,total_profit_std,total_energy_avg,total_energy_std,total_flights_avg,total_flights_std,all_flights_size_avg,all_flights_size_std,deliveries_per_flight_avg,deliveries_per_flight_std,avg_energy_per_flight_avg,avg_energy_per_flight_std,avg_weight_per_flight_avg,avg_weight_per_flight_std,n_prime_avg,n_prime_std
101,50,100,2,10,1,2500,10,0.05,0.5,2,1,33,150,0,1,1.0,0.05,1,84.2424,17.7448,2480.61,15.5401,2.9697,1.25,704.121,5.25595,5.56313,1.35353,883.081,207.526,5.56313,1.35353,7.29997,0.0482414
117,100,100,2,10,1,2500,10,0.05,0.5,2,1,33,150,0,1,1.0,0.05,1,109.667,17.9037,2478.36,20.5591,3.24242,0.790569,1515.27,5.28855,5.10101,1.31527,805.835,194.645,5.10101,1.31527,7.57372,0.0381319
133,150,100,2,10,1,2500,10,0.05,0.5,2,1,33,150,0,1,1.0,0.05,1,119.758,16.2231,2485.45,18.4087,3.42424,1.08972,2329.12,7.85414,5.06869,1.68475,796.79,260.171,5.06869,1.68475,7.65086,0.0319731
149,200,100,2,10,1,2500,10,0.05,0.5,2,1,33,150,0,1,1.0,0.05,1,122.182,9.96699,2485.52,17.0754,3.51515,0.847791,3141.94,9.00174,4.67879,0.968114,733.093,147.203,4.67879,0.968114,7.68146,0.0307012
165,250,100,2,10,1,2500,10,0.05,0.5,2,1,33,150,0,1,1.0,0.05,1,128.03,10.0948,2481.15,20.951,3.33333,0.883883,3958.21,10.4208,5.08283,1.40393,793.676,216.973,5.08283,1.40393,7.69768,0.0242856
181,300,100,2,10,1,2500,10,0.05,0.5,2,1,33,150,0,1,1.0,0.05,1,134.0,8.62409,2488.7,12.5012,3.66667,1.14564,4766.7,10.1597,4.66061,1.33129,726.306,207.298,4.66061,1.33129,7.70954,0.0186265
