seed,num_deliveries,max_len_road,max_interval_len,max_profit,max_weight,drone_battery,drone_load,height,distance,algorithm,solution_space,iterations,energy_unit_cost,energy_per_delivery,regularly_spaced,deliveries_starting_point,error,exponent,total_profit_avg,total_profit_std,total_energy_avg,total_energy_std,total_flights_avg,total_flights_std,all_flights_size_avg,all_flights_size_std,deliveries_per_flight_avg,deliveries_per_flight_std,avg_energy_per_flight_avg,avg_energy_per_flight_std,avg_weight_per_flight_avg,avg_weight_per_flight_std,n_prime_avg,n_prime_std
99,50,100,4,10,1,2500,5,0.05,0.5,3,1,33,150,0,1,1.0,0.05,1,57.1515,13.8589,2320.88,159.25,3.30303,1.0,725.667,7.97653,3.70202,0.810369,745.777,171.555,3.70202,0.810369,6.4864,0.0919659
115,100,100,4,10,1,2500,5,0.05,0.5,3,1,33,150,0,1,1.0,0.05,1,77.3939,16.246,2378.32,137.33,3.54545,1.14564,1544.42,10.1026,3.76385,0.830655,711.755,162.029,3.76385,0.830655,6.68886,0.0630789
131,150,100,4,10,1,2500,5,0.05,0.5,3,1,33,150,0,1,1.0,0.05,1,85.2121,14.9557,2360.19,117.551,3.36364,0.75,2362.18,11.4209,3.91768,0.707536,722.058,116.079,3.91768,0.707536,6.74038,0.0405195
147,200,100,4,10,1,2500,5,0.05,0.5,3,1,33,150,0,1,1.0,0.05,1,95.3333,10.7141,2403.92,76.2075,3.84848,1.45774,3180.39,14.0479,3.60902,0.840886,668.955,154.059,3.60902,0.840886,6.76621,0.0429326
163,250,100,4,10,1,2500,5,0.05,0.5,3,1,33,150,0,1,1.0,0.05,1,96.303,9.34239,2410.82,71.7587,3.75758,1.53093,3999.09,16.2721,3.82576,0.999428,693.929,159.842,3.82576,0.999428,6.78429,0.035915
179,300,100,4,10,1,2500,5,0.05,0.5,3,1,33,150,0,1,1.0,0.05,1,101.818,9.63864,2438.6,48.7381,4.21212,1.48955,4818.09,12.0766,3.5618,1.10378,638.214,181.937,3.5618,1.10378,6.77953,0.0328216
