seed,num_deliveries,max_len_road,max_interval_len,max_profit,max_weight,drone_battery,drone_load,height,distance,algorithm,solution_space,iterations,energy_unit_cost,energy_per_delivery,regularly_spaced,deliveries_starting_point,error,exponent,total_profit_avg,total_profit_std,total_energy_avg,total_energy_std,total_flights_avg,total_flights_std,all_flights_size_avg,all_flights_size_std,deliveries_per_flight_avg,deliveries_per_flight_std,avg_energy_per_flight_avg,avg_energy_per_flight_std,avg_weight_per_flight_avg,avg_weight_per_flight_std,n_prime_avg,n_prime_std
10,50,100,4,10,1,5000,5,0.05,0.5,3,1,33,150,0,1,0.5,0.05,0,148.818,12.5411,4335.83,632.678,8.30303,3.3541,1527.7,11.2542,3.15881,1.28418,599.973,209.792,3.15881,1.28418,15.278,0.0702516
26,100,100,4,10,1,5000,5,0.05,0.5,3,1,33,150,0,1,0.5,0.05,0,210.394,12.2269,4814.17,124.661,7.30303,1.56125,4786.55,21.341,4.36364,0.610239,682.219,119.29,4.36364,0.610239,24.0981,0.165503
42,150,100,4,10,1,5000,5,0.05,0.5,3,1,33,150,0,1,0.5,0.05,0,233.394,10.574,4812.64,139.161,8.12121,1.76777,8097.82,28.9908,4.33937,0.630235,614.136,106.57,4.33937,0.630235,25.9906,0.111556
58,200,100,4,10,1,5000,5,0.05,0.5,3,1,33,150,0,1,0.5,0.05,0,253.182,16.0613,4874.22,94.8536,8.36364,1.29904,11398.1,29.8868,4.46332,0.408788,593.345,75.9913,4.46332,0.408788,26.8028,0.0982836
74,250,100,4,10,1,5000,5,0.05,0.5,3,1,33,150,0,1,0.5,0.05,0,263.424,10.0157,4870.91,96.429,9.27273,1.44698,14693.0,26.4481,4.31536,0.490474,536.291,75.6367,4.31536,0.490474,27.2015,0.109684
90,300,100,4,10,1,5000,5,0.05,0.5,3,1,33,150,0,1,0.5,0.05,0,272.242,13.5486,4913.26,72.0985,9.63636,1.42522,18002.8,30.3449,4.19266,0.484239,518.231,66.6899,4.19266,0.484239,27.4557,0.0826886
