seed,num_deliveries,max_len_road,max_interval_len,max_profit,max_weight,drone_battery,drone_load,height,distance,algorithm,solution_space,iterations,energy_unit_cost,energy_per_delivery,regularly_spaced,deliveries_starting_point,error,exponent,total_profit_avg,total_profit_std,total_energy_avg,total_energy_std,total_flights_avg,total_flights_std,all_flights_size_avg,all_flights_size_std,deliveries_per_flight_avg,deliveries_per_flight_std,avg_energy_per_flight_avg,avg_energy_per_flight_std,avg_weight_per_flight_avg,avg_weight_per_flight_std,n_prime_avg,n_prime_std
97,50,100,2,10,1,2500,5,0.05,0.5,2,1,33,150,0,1,1.0,0.05,1,94.7273,18.1612,2482.12,21.1243,4.30303,0.707107,703.03,4.39815,3.56717,0.643146,589.276,88.5813,3.56717,0.643146,7.3037,0.0636295
113,100,100,2,10,1,2500,5,0.05,0.5,2,1,33,150,0,1,1.0,0.05,1,108.242,11.8928,2480.33,14.1237,4.15152,0.53033,1516.76,5.46866,3.81364,0.474716,606.217,75.9295,3.81364,0.474716,7.56549,0.0439799
129,150,100,2,10,1,2500,5,0.05,0.5,2,1,33,150,0,1,1.0,0.05,1,119.061,13.6472,2490.82,8.6366,4.54545,0.790569,2330.3,7.22842,3.48636,0.45471,555.992,66.8942,3.48636,0.45471,7.64439,0.0250278
145,200,100,2,10,1,2500,5,0.05,0.5,2,1,33,150,0,1,1.0,0.05,1,123.485,11.843,2486.73,12.5032,4.42424,0.707107,3142.91,6.73146,3.57172,0.435342,570.109,65.7844,3.57172,0.435342,7.68755,0.0284257
161,250,100,2,10,1,2500,5,0.05,0.5,2,1,33,150,0,1,1.0,0.05,1,126.333,11.157,2488.7,9.49831,4.42424,0.661438,3956.58,9.1327,3.6197,0.412867,569.308,61.7969,3.6197,0.412867,7.70156,0.023244
177,300,100,2,10,1,2500,5,0.05,0.5,2,1,33,150,0,1,1.0,0.05,1,131.333,10.3973,2491.91,9.07043,4.60606,0.866025,4768.94,9.07435,3.49192,0.46239,549.934,70.1237,3.49192,0.46239,7.7153,0.0236682
