seed,num_deliveries,max_len_road,max_interval_len,max_profit,max_weight,drone_battery,drone_load,height,distance,algorithm,solution_space,iterations,energy_unit_cost,energy_per_delivery,regularly_spaced,deliveries_starting_point,error,exponent,total_profit_avg,total_profit_std,total_energy_avg,total_energy_std,total_flights_avg,total_flights_std,all_flights_size_avg,all_flights_size_std,deliveries_per_flight_avg,deliveries_per_flight_std,avg_energy_per_flight_avg,avg_energy_per_flight_std,avg_weight_per_flight_avg,avg_weight_per_flight_std,n_prime_avg,n_prime_std
12,50,100,2,10,1,5000,10,0.05,0.5,2,1,33,150,0,1,0.5,0.05,0,272.788,16.3378,4953.82,40.4162,9.0,0.935414,1393.52,7.17853,5.17946,0.622217,556.593,62.0177,5.17946,0.622217,16.128,0.0614656
28,100,100,2,10,1,5000,10,0.05,0.5,2,1,33,150,0,1,0.5,0.05,0,375.758,18.8614,4991.52,8.8675,7.0303,0.810093,4605.15,10.6551,8.07263,0.977842,719.036,81.5205,8.07263,0.977842,26.0238,0.0888312
44,150,100,2,10,1,5000,10,0.05,0.5,2,1,33,150,0,1,0.5,0.05,0,398.242,15.4496,4992.18,6.98415,7.33333,0.810093,7891.64,12.1565,7.70575,0.81662,687.662,71.5473,7.70575,0.81662,28.1373,0.0612791
60,200,100,2,10,1,5000,10,0.05,0.5,2,1,33,150,0,1,0.5,0.05,0,403.879,13.7108,4994.33,6.23331,7.60606,0.968246,11188.6,13.2051,7.4409,0.79523,663.046,67.9635,7.4409,0.79523,28.9869,0.0713955
76,250,100,2,10,1,5000,10,0.05,0.5,2,1,33,150,0,1,0.5,0.05,0,419.485,12.59,4993.67,5.56589,7.75758,1.13192,14472.4,14.079,7.35191,0.844144,650.736,68.3896,7.35191,0.844144,29.4542,0.0500141
92,300,100,2,10,1,5000,10,0.05,0.5,2,1,33,150,0,1,0.5,0.05,0,418.909,11.5335,4994.42,5.26801,7.90909,1.25,17763.4,16.9503,7.12486,0.813362,638.24,65.7837,7.12486,0.813362,29.764,0.0533651
