seed,num_deliveries,max_len_road,max_interval_len,max_profit,max_weight,drone_battery,drone_load,height,distance,algorithm,solution_space,iterations,energy_unit_cost,energy_per_delivery,regularly_spaced,deliveries_starting_point,error,exponent,total_profit_avg,total_profit_std,total_energy_avg,total_energy_std,total_flights_avg,total_flights_std,all_flights_size_avg,all_flights_size_std,deliveries_per_flight_avg,deliveries_per_flight_std,avg_energy_per_flight_avg,avg_energy_per_flight_std,avg_weight_per_flight_avg,avg_weight_per_flight_std,n_prime_avg,n_prime_std
205,50,100,2,10,1,5000,10,0.05,0.5,3,1,33,150,0,1,1.0,0.05,2,67.1515,23.2542,4783.24,136.932,4.78788,2.58602,1151.7,3.84464,6.93269,2.07132,1142.26,332.851,6.93269,2.07132,13.5026,0.0784636
221,100,100,2,10,1,5000,10,0.05,0.5,3,1,33,150,0,1,1.0,0.05,2,96.0606,26.1903,4878.64,133.503,4.93939,2.06912,2796.97,6.45659,6.55108,1.97079,1093.51,327.634,6.55108,1.97079,14.9853,0.055934
237,150,100,2,10,1,5000,10,0.05,0.5,3,1,33,150,0,1,1.0,0.05,2,102.424,22.4166,4879.08,134.864,5.09091,2.41738,4442.33,6.27246,6.60263,2.12955,1095.52,338.249,6.60263,2.12955,15.3781,0.0447609
253,200,100,2,10,1,5000,10,0.05,0.5,3,1,33,150,0,1,1.0,0.05,2,119.576,28.6422,4870.57,100.183,5.60606,3.13249,6089.88,8.53852,6.11598,2.04211,1023.55,318.748,6.11598,2.04211,15.5566,0.0333275
269,250,100,2,10,1,5000,10,0.05,0.5,3,1,33,150,0,1,1.0,0.05,2,130.242,24.7425,4878.23,112.437,4.87879,1.64886,7731.85,10.6478,6.55758,1.6029,1066.78,255.833,6.55758,1.6029,15.6533,0.0307317
285,300,100,2,10,1,5000,10,0.05,0.5,3,1,33,150,0,1,1.0,0.05,2,138.545,28.9969,4885.1,94.8662,5.48485,1.98431,9378.03,10.8585,5.83889,1.73794,967.66,264.369,5.83889,1.73794,15.717,0.027595
