num_deliveries,opt_opts_ratio_avg
10,1.853055751725664
20,1.2473607454121018
30,1.1514118153524775
40,1.1059999260800235
