seed,num_deliveries,max_len_road,max_interval_len,max_profit,max_weight,drone_battery,drone_load,height,distance,algorithm,solution_space,iterations,energy_unit_cost,energy_per_delivery,regularly_spaced,deliveries_starting_point,error,exponent,total_profit_avg,total_profit_std,total_energy_avg,total_energy_std,total_flights_avg,total_flights_std,all_flights_size_avg,all_flights_size_std,deliveries_per_flight_avg,deliveries_per_flight_std,avg_energy_per_flight_avg,avg_energy_per_flight_std,avg_weight_per_flight_avg,avg_weight_per_flight_std,n_prime_avg,n_prime_std
108,50,100,2,10,1,5000,10,0.05,0.5,2,1,33,150,0,1,0.5,0.05,1,181.939,41.3438,4937.21,73.5985,8.69697,1.26244,1394.42,5.67891,5.46578,0.75887,575.353,66.7902,5.46578,0.75887,16.118,0.0498681
124,100,100,2,10,1,5000,10,0.05,0.5,2,1,33,150,0,1,0.5,0.05,1,271.939,45.1753,4988.94,11.3714,7.30303,0.661438,4606.82,9.50164,7.79185,0.698823,687.197,52.7053,7.79185,0.698823,26.0201,0.0811008
140,150,100,2,10,1,5000,10,0.05,0.5,2,1,33,150,0,1,0.5,0.05,1,309.788,39.5014,4992.15,7.4671,7.15152,0.53033,7895.7,12.2996,7.92605,0.671331,701.439,49.5232,7.92605,0.671331,28.1352,0.0653304
156,200,100,2,10,1,5000,10,0.05,0.5,2,1,33,150,0,1,0.5,0.05,1,342.152,41.86,4993.39,6.72188,7.30303,0.661438,11183.0,14.3853,7.76912,0.73883,688.131,56.7773,7.76912,0.73883,29.0024,0.0633166
172,250,100,2,10,1,5000,10,0.05,0.5,2,1,33,150,0,1,0.5,0.05,1,370.242,28.1925,4994.91,6.69124,7.48485,0.790569,14475.7,17.1273,7.57768,0.709419,671.793,55.9568,7.57768,0.709419,29.4686,0.0652162
188,300,100,2,10,1,5000,10,0.05,0.5,2,1,33,150,0,1,0.5,0.05,1,372.909,32.5685,4993.97,7.55184,7.69697,0.918559,17769.4,14.0823,7.35065,0.655225,652.474,49.6533,7.35065,0.655225,29.7619,0.0486709
