seed,num_deliveries,max_len_road,max_interval_len,max_profit,max_weight,drone_battery,drone_load,height,distance,algorithm,solution_space,iterations,energy_unit_cost,energy_per_delivery,regularly_spaced,deliveries_starting_point,error,exponent,total_profit_avg,total_profit_std,total_energy_avg,total_energy_std,total_flights_avg,total_flights_std,all_flights_size_avg,all_flights_size_std,deliveries_per_flight_avg,deliveries_per_flight_std,avg_energy_per_flight_avg,avg_energy_per_flight_std,avg_weight_per_flight_avg,avg_weight_per_flight_std,n_prime_avg,n_prime_std
192,50,100,2,10,1,2500,5,0.05,0.5,2,1,33,150,0,1,0.5,0.05,2,57.303,18.1047,2481.85,20.2934,5.93939,1.07529,1186.3,7.59934,3.99812,0.567602,420.794,36.8164,3.99812,0.567602,12.3708,0.113666
208,100,100,2,10,1,2500,5,0.05,0.5,2,1,33,150,0,1,0.5,0.05,2,84.6364,19.6243,2484.61,17.778,5.63636,0.810093,2810.58,9.70341,4.33636,0.398553,444.188,40.2439,4.33636,0.398553,13.6242,0.0716413
224,150,100,2,10,1,2500,5,0.05,0.5,2,1,33,150,0,1,0.5,0.05,2,101.212,23.0512,2481.45,18.0158,5.72727,0.935414,4434.27,8.86884,4.23449,0.48998,437.477,43.5833,4.23449,0.48998,13.972,0.0531251
240,200,100,2,10,1,2500,5,0.05,0.5,2,1,33,150,0,1,0.5,0.05,2,111.818,26.4155,2483.18,15.95,5.48485,0.707107,6058.52,10.8901,4.47273,0.390019,456.479,41.8285,4.47273,0.390019,14.1327,0.0598322
256,250,100,2,10,1,2500,5,0.05,0.5,2,1,33,150,0,1,0.5,0.05,2,123.273,23.6224,2491.48,7.1332,5.63636,0.918559,7681.21,11.0326,4.4101,0.514283,447.594,49.7028,4.4101,0.514283,14.2286,0.0378314
272,300,100,2,10,1,2500,5,0.05,0.5,2,1,33,150,0,1,0.5,0.05,2,133.697,17.7138,2487.85,13.0818,5.63636,0.847791,9311.12,15.5161,4.38369,0.445908,445.418,42.8405,4.38369,0.445908,14.2852,0.0383115
