seed,num_deliveries,max_len_road,max_interval_len,max_profit,max_weight,drone_battery,drone_load,height,distance,algorithm,solution_space,iterations,energy_unit_cost,energy_per_delivery,regularly_spaced,deliveries_starting_point,error,exponent,total_profit_avg,total_profit_std,total_energy_avg,total_energy_std,total_flights_avg,total_flights_std,all_flights_size_avg,all_flights_size_std,deliveries_per_flight_avg,deliveries_per_flight_std,avg_energy_per_flight_avg,avg_energy_per_flight_std,avg_weight_per_flight_avg,avg_weight_per_flight_std,n_prime_avg,n_prime_std
206,50,100,4,10,1,5000,10,0.05,0.5,2,1,33,150,0,1,0.5,0.05,2,89.3636,21.8658,4936.94,56.3532,6.81818,1.23744,1532.85,15.2991,6.24913,0.73148,738.323,111.016,6.24913,0.73148,15.2484,0.0803281
222,100,100,4,10,1,5000,10,0.05,0.5,2,1,33,150,0,1,0.5,0.05,2,129.03,34.7549,4985.94,17.0036,6.33333,0.684653,4789.61,19.1687,8.70635,0.822154,793.661,70.8789,8.70635,0.822154,24.1384,0.123898
238,150,100,4,10,1,5000,10,0.05,0.5,2,1,33,150,0,1,0.5,0.05,2,169.697,38.647,4983.88,17.5317,6.66667,0.901388,8092.94,25.5447,8.20996,0.831321,753.384,67.3671,8.20996,0.831321,25.9864,0.138873
254,200,100,4,10,1,5000,10,0.05,0.5,2,1,33,150,0,1,0.5,0.05,2,198.788,44.8726,4987.85,10.3836,6.69697,0.951972,11403.2,27.6739,8.15927,0.776489,751.194,69.7688,8.15927,0.776489,26.762,0.107031
270,250,100,4,10,1,5000,10,0.05,0.5,2,1,33,150,0,1,0.5,0.05,2,197.636,39.5394,4986.67,9.93626,6.81818,0.984251,14693.1,28.2776,7.98449,0.659837,735.734,58.3261,7.98449,0.659837,27.1783,0.0882667
286,300,100,4,10,1,5000,10,0.05,0.5,2,1,33,150,0,1,0.5,0.05,2,221.303,38.66,4990.88,6.69308,7.0303,0.53033,18001.2,29.3444,7.7307,0.6672,713.897,55.0088,7.7307,0.6672,27.4986,0.0852163
