seed,num_deliveries,max_len_road,max_interval_len,max_profit,max_weight,drone_battery,drone_load,height,distance,algorithm,solution_space,iterations,energy_unit_cost,energy_per_delivery,regularly_spaced,deliveries_starting_point,error,exponent,total_profit_avg,total_profit_std,total_energy_avg,total_energy_std,total_flights_avg,total_flights_std,running_time_avg,running_time_std,all_flights_size_avg,all_flights_size_std
146,10,100,8,10,5,5000,5,0.05,0.5,2,4,33,150,30,0,1,0,0,38.8485,7.14196,4778.58,185.449,4.87879,1.13192,0.00818182,0.0033209,22.6364,7.22193
150,20,100,8,10,5,5000,5,0.05,0.5,2,4,33,150,30,0,1,0,0,59.3333,7.44004,4915.52,85.086,5.66667,1.08972,0.0302424,0.0118692,85.4242,31.75
154,30,100,8,10,5,5000,5,0.05,0.5,2,4,33,150,30,0,1,0,0,68.3333,9.07836,4923.85,57.8042,6.0303,0.918559,0.0531515,0.0127086,150.667,32.8567
158,40,100,8,10,5,5000,5,0.05,0.5,2,4,33,150,30,0,1,0,0,82.0606,13.0431,4941.73,60.1001,6.69697,1.31101,0.100848,0.0338638,282.939,86.5645
