seed,num_deliveries,max_len_road,max_interval_len,max_profit,max_weight,drone_battery,drone_load,height,distance,algorithm,solution_space,iterations,energy_unit_cost,energy_per_delivery,regularly_spaced,deliveries_starting_point,error,exponent,total_profit_avg,total_profit_std,total_energy_avg,total_energy_std,total_flights_avg,total_flights_std,all_flights_size_avg,all_flights_size_std,deliveries_per_flight_avg,deliveries_per_flight_std,avg_energy_per_flight_avg,avg_energy_per_flight_std,avg_weight_per_flight_avg,avg_weight_per_flight_std,n_prime_avg,n_prime_std
110,50,100,4,10,1,5000,10,0.05,0.5,6,1,33,150,0,1,0.5,0.05,1,142.848,37.8212,4588.13,387.383,8.15152,1.40312,1531.7,13.6508,4.89207,1.09028,574.803,80.8516,4.89207,1.09028,0.0,0.0
126,100,100,4,10,1,5000,10,0.05,0.5,6,1,33,150,0,1,0.5,0.05,1,240.697,38.7125,4904.55,66.199,8.57576,1.04583,4794.39,24.9919,5.98102,0.707744,577.655,59.5168,5.98102,0.707744,0.0,0.0
142,150,100,4,10,1,5000,10,0.05,0.5,6,1,33,150,0,1,0.5,0.05,1,280.212,41.0524,4930.18,50.1062,8.60606,1.1726,8093.7,27.3353,6.11239,0.822913,580.023,64.4787,6.11239,0.822913,0.0,0.0
158,200,100,4,10,1,5000,10,0.05,0.5,6,1,33,150,0,1,0.5,0.05,1,311.758,40.1497,4941.48,50.1738,8.45455,1.1592,11401.5,32.973,6.27882,0.8209,593.01,70.7729,6.27882,0.8209,0.0,0.0
174,250,100,4,10,1,5000,10,0.05,0.5,6,1,33,150,0,1,0.5,0.05,1,333.818,36.0984,4947.72,50.7307,8.51515,0.847791,14699.1,26.7348,6.2197,0.626096,584.222,42.172,6.2197,0.626096,0.0,0.0
190,300,100,4,10,1,5000,10,0.05,0.5,6,1,33,150,0,1,0.5,0.05,1,348.121,28.6135,4944.63,50.4434,8.48485,0.935414,18012.7,33.0369,6.30388,0.70251,587.736,55.4903,6.30388,0.70251,0.0,0.0
