seed,num_deliveries,max_len_road,max_interval_len,max_profit,max_weight,drone_battery,drone_load,height,distance,algorithm,solution_space,iterations,energy_unit_cost,energy_per_delivery,regularly_spaced,deliveries_starting_point,error,exponent,total_profit_avg,total_profit_std,total_energy_avg,total_energy_std,total_flights_avg,total_flights_std,all_flights_size_avg,all_flights_size_std,deliveries_per_flight_avg,deliveries_per_flight_std,avg_energy_per_flight_avg,avg_energy_per_flight_std,avg_weight_per_flight_avg,avg_weight_per_flight_std,n_prime_avg,n_prime_std
13,50,100,2,10,1,5000,10,0.05,0.5,2,1,33,150,0,1,1.0,0.05,0,214.424,16.1633,4985.03,14.557,7.09091,1.07529,1152.58,4.27566,4.43365,0.769043,719.167,112.339,4.43365,0.769043,13.4927,0.0700613
29,100,100,2,10,1,5000,10,0.05,0.5,2,1,33,150,0,1,1.0,0.05,0,239.576,10.8196,4992.67,6.10157,8.90909,1.80278,2798.27,6.73842,3.59457,0.724667,578.426,109.69,3.59457,0.724667,15.0011,0.0386233
45,150,100,2,10,1,5000,10,0.05,0.5,2,1,33,150,0,1,1.0,0.05,0,254.606,10.1825,4992.88,6.00394,9.90909,1.87083,4442.45,7.4645,3.24234,0.637392,518.775,96.7851,3.24234,0.637392,15.3687,0.0328629
61,200,100,2,10,1,5000,10,0.05,0.5,2,1,33,150,0,1,1.0,0.05,0,259.606,7.34396,4993.21,8.19969,10.697,1.81142,6085.52,8.38339,2.96955,0.503942,478.534,79.1078,2.96955,0.503942,15.5556,0.0341871
77,250,100,2,10,1,5000,10,0.05,0.5,2,1,33,150,0,1,1.0,0.05,0,264.273,8.92074,4996.18,4.0269,11.6061,1.78536,7735.88,9.36583,2.72965,0.472156,440.131,70.3054,2.72965,0.472156,15.666,0.0287146
93,300,100,2,10,1,5000,10,0.05,0.5,2,1,33,150,0,1,1.0,0.05,0,273.333,8.79157,4996.55,3.23159,12.1818,2.16506,9378.73,11.399,2.6458,0.542989,423.732,80.5096,2.6458,0.542989,15.7322,0.0278843
